[1,["bdVzb8341HO5RSqGy4JgSl","c4RSufbytAJpt5nQ+Y6wQ3","cdq1R3eYBAarHxycsNzlio","41QqGXJfBMqrjBjTAp6F5V"],["node","_spriteFrame","root","clickEffectNode","flashSpriteNode","data","_defaultClip"],[["cc.Node",["_name","_opacity","_components","_prefab","_trs","_parent","_contentSize","_children"],1,9,4,7,1,5,2],["cc.Sprite",["_sizeMode","_isTrimmedMode","node","_spriteFrame"],1,1,6],["cc.Prefab",["_name"],2],["cc.Widget",["alignMode","_alignFlags","_bottom","node"],0,1],["9c1bbOo47dBVKQhy7Uc4JE2",["node","flashSpriteNode","clickEffectNode"],3,1,1,1],["cc.PrefabInfo",["fileId","root"],2,1],["cc.Animation",["node","_clips","_defaultClip"],3,1,3,6],["cc.AnimationClip",["_name","_duration","curveData"],0]],[[5,0,1,2],[0,0,1,5,2,3,6,3],[1,2,3,1],[2,0,2],[0,0,7,2,3,4,2],[0,0,5,7,2,3,6,4,2],[0,0,1,5,2,3,6,4,3],[3,0,1,2,3,4],[4,0,1,2,1],[6,0,1,2,1],[1,0,1,2,3],[7,0,1,2,4]],[[[[3,"click_effect_layer"],[4,"click_effect_layer",[-6,-7],[[7,0,20,1170,-2],[8,-5,-4,-3]],[0,"94549PgukZMHJABRucN7ppz",-1],[540,1170,0,0,0,0,1,1,1,1]],[5,"click_effect",1,[-9,-10,-11],[[9,-8,[4],3]],[0,"cdec5AfHX5EtoR+NtkoKYL4",1],[5,196,196],[300,923,0,0,0,0,1,1,1,1]],[6,"flash_sprite",128,1,[[10,2,false,-12]],[0,"85cd1/8wppHH4ycIwaFfI0A",1],[5,200,200],[0,-100,0,0,0,0,1,0,0,1]],[1,"ClickA",0,2,[[2,-13,0]],[0,"1b192WCQrpDlKJMsKwSMk2B",1],[5,198,198]],[1,"ClickB",0,2,[[2,-14,1]],[0,"70b7fZlLsJPwI/LJm3A5Fx3",1],[5,170,170]],[1,"ClickC",0,2,[[2,-15,2]],[0,"8642101LfBKJo3QXbXAbUy3",1],[5,192,192]]],0,[0,2,1,0,0,1,0,3,2,0,4,3,0,0,1,0,-1,2,0,-2,3,0,0,2,0,-1,4,0,-2,5,0,-3,6,0,0,3,0,0,4,0,0,5,0,0,6,0,5,1,15],[0,0,0,0,0],[1,1,1,6,-1],[1,2,3,0,0]],[[[11,"click_effect",0.5,{"paths":{"ClickA":{"props":{"scaleX":[{"frame":0,"value":0},{"frame":0.08333333333333333,"value":0.7},{"frame":0.4,"value":1.2}],"scaleY":[{"frame":0,"value":0},{"frame":0.08333333333333333,"value":0.7},{"frame":0.4,"value":1.2}],"opacity":[{"frame":0,"value":50},{"frame":0.08333333333333333,"value":250.2},{"frame":0.4,"value":0}]}},"ClickB":{"props":{"scaleX":[{"frame":0,"value":0.6},{"frame":0.03333333333333333,"value":0.6},{"frame":0.5,"value":2.3}],"scaleY":[{"frame":0,"value":0.6},{"frame":0.03333333333333333,"value":0.6},{"frame":0.5,"value":2.3}],"opacity":[{"frame":0,"value":0},{"frame":0.03333333333333333,"value":0},{"frame":0.2,"value":50},{"frame":0.5,"value":0}]}},"ClickC":{"props":{"scaleX":[{"frame":0,"value":0.7},{"frame":0.03333333333333333,"value":2.5},{"frame":0.08333333333333333,"value":3},{"frame":0.36666666666666664,"value":0}],"scaleY":[{"frame":0,"value":0.7},{"frame":0.03333333333333333,"value":2.5},{"frame":0.08333333333333333,"value":3},{"frame":0.36666666666666664,"value":0}],"opacity":[{"frame":0,"value":150},{"frame":0.16666666666666666,"value":250},{"frame":0.36666666666666664,"value":0}]}}}}]],0,0,[],[],[]]]]