[1,["0fJWYb9cRHuZw+wzyEOvoD","08vfPoEhdHhoWE2TMh4T0v","0beA3Tv2NPSqK+cQohZwQO","57nmOI6zZFzIunOxXvmVoZ","eftGBAVftMarjddJgCLbKM","88iRRtNetAoaDa4IJN4jBO","a3ggAtQZ5BD5Xd2DhFaBwx","a9b/6Plp1NOKMvczff6Y4N","d4qU5phaBPga9UgwXthccJ","26ED8tmydF7I9hFBbIqRF8","292D8FuXxLHarM+SOEbzO8","cc8raWH2VEr6MAiDZlEpa5","a1hDO8CDpJDZ+OvTmJLN35","53Z85S2KtM/6TINgob+8Tg","11W0IjcKFBfJQBEKye9R6f","f7vmVpyu1NdqmXxaLWrXi8","76qdRJL3pDPKY+Pqx0uY+w","84xVkZB+pOJqqcGV5xCaVx","8e/9zhwJJG4rZjJqWOuq9F"],["_textureSetter","h_angbao","h_angbao_blur","h_carrot","h_carrot_blur","h_coins","h_coins_blur","h_firecracker","h_firecracker_blur","h_ingot","h_ingot_blur","h_packet","h_packet_blur","s_blank","s_blank_blur","s_cash_blur","s_cash_note","s_cash_off","s_cash_on"],["cc.SpriteFrame",["cc.SpriteAtlas",["_name","_spriteFrames"],2,11]],[[1,0,1,2]],[[[{"name":"h_angbao","rect":[289,223,262,214],"offset":[-1,1],"originalSize":[350,350],"rotated":1,"capInsets":[0,0,0,0]}],[0],0,[0],[0],[0]],[[{"name":"h_angbao_blur","rect":[227,1421,135,113],"offset":[-1,0],"originalSize":[175,175],"capInsets":[0,0,0,0]}],[0],0,[0],[0],[0]],[[{"name":"s_blank_blur","rect":[289,846,145,137],"offset":[0,-1],"originalSize":[165,165],"capInsets":[0,0,0,0]}],[0],0,[0],[0],[0]],[[{"name":"h_ingot","rect":[1,921,282,250],"offset":[-1,-3],"originalSize":[350,350],"capInsets":[0,0,0,0]}],[0],0,[0],[0],[0]],[[{"name":"h_ingot_blur","rect":[364,1231,143,131],"offset":[0,-2],"originalSize":[175,175],"rotated":1,"capInsets":[0,0,0,0]}],[0],0,[0],[0],[0]],[[{"name":"s_blank","rect":[1,667,286,252],"offset":[1,-1],"originalSize":[330,330],"capInsets":[0,0,0,0]}],[0],0,[0],[0],[0]],[[{"name":"h_carrot","rect":[305,1,220,172],"offset":[-2,0],"originalSize":[350,350],"rotated":1,"capInsets":[0,0,0,0]}],[0],0,[0],[0],[0]],[[{"name":"h_coins","rect":[289,487,228,200],"offset":[1,-1],"originalSize":[350,350],"rotated":1,"capInsets":[0,0,0,0]}],[0],0,[0],[0],[0]],[[{"name":"h_packet_blur","rect":[364,1376,129,129],"offset":[3,3],"originalSize":[175,175],"capInsets":[0,0,0,0]}],[0],0,[0],[0],[0]],[[{"name":"h_coins_blur","rect":[118,1421,117,107],"offset":[1,0],"originalSize":[175,175],"rotated":1,"capInsets":[0,0,0,0]}],[0],0,[0],[0],[0]],[[{"name":"h_firecracker","rect":[285,985,244,216],"offset":[7,-1],"originalSize":[350,350],"rotated":1,"capInsets":[0,0,0,0]}],[0],0,[0],[0],[0]],[[{"name":"h_packet","rect":[1,1173,252,246],"offset":[5,6],"originalSize":[350,350],"capInsets":[0,0,0,0]}],[0],0,[0],[0],[0]],[[{"name":"h_firecracker_blur","rect":[1,1421,125,115],"offset":[4,0],"originalSize":[175,175],"rotated":1,"capInsets":[0,0,0,0]}],[0],0,[0],[0],[0]],[[[0,"symbols.plist",[{},"h_angbao",6,0,"h_angbao_blur",6,1,"h_carrot",6,2,"h_carrot_blur",6,3,"h_coins",6,4,"h_coins_blur",6,5,"h_firecracker",6,6,"h_firecracker_blur",6,7,"h_ingot",6,8,"h_ingot_blur",6,9,"h_packet",6,10,"h_packet_blur",6,11,"s_blank",6,12,"s_blank_blur",6,13,"s_cash_blur",6,14,"s_cash_note",6,15,"s_cash_off",6,16,"s_cash_on",6,17]]],0,0,[0,0,0,0,0,0,0,0,0,0,0,0,0,0,0,0,0,0],[1,2,3,4,5,6,7,8,9,10,11,12,13,14,15,16,17,18],[1,2,3,4,5,6,7,8,9,10,11,12,13,14,15,16,17,18]],[[{"name":"h_carrot_blur","rect":[255,1231,113,93],"offset":[-1,0],"originalSize":[175,175],"rotated":1,"capInsets":[0,0,0,0]}],[0],0,[0],[0],[0]],[[{"name":"s_cash_blur","rect":[289,717,153,127],"offset":[-4,-1],"originalSize":[165,165],"capInsets":[0,0,0,0]}],[0],0,[0],[0],[0]]]]