{"FortuneRabbit":{"Title":"Fortune Rabbit"},"FortuneRabbitPayoutPopOut":{"WildDescription":"O símbolo Wild substitui todos os símbolos, exceto o Símbolo de Prémio.","CashDescription":"Símbolo de Prémio"},"InfoboardMessage":{"Win":"Ganhos","TotalWin":"Total de Ganhos"},"SettingMenuHelper":{"QuitGameTitle":"Sair do jogo","QuitGameMessage":"Tem a certeza de que pretende sair?","Cancel":"Cancelar","Quit":"Sair","ReevaluateBet":"As opções de aposta foram atualizadas. Selecione uma nova opção de aposta.","Select":"Opções de aposta","RetryResLoad":"Falha ao carregar recursos. O sistema está a tentar novamente... (%{times} vez)","HistoryOK":"OK","SmartBotTitle":"SmartBot","SmartBotMessage":"Pretende experimentar o SmartBot?","NextTime":"Fica para a próxima","TryNow":"Experimentar agora"},"SettingMenu":{"WalletLoading":"A carregar","SettingSliderNumNone":"Nenhum","BalanceWord":"Saldo","WinPrizeWord":"Ganhos","WalletRetry":"Repetir","SettingCloseWord":"Fechar","SettingHistoryWord":"Histórico","SettingPayoutWord":"Tabela de pagamentos","SettingRulesWord":"Regras","SettingSoundWord":"Som","TurboSpinEnable":"Rodada turbo ativada","TurboSpinDisable":"Rodada turbo desativada","BiggestBet":"Aposta máxima","SettingSmartBotWord":"SmartBot","SmallestBet":"Aposta mínima","SettingQuitWord":"Sair","Bet":"Aposta","Max":"Máx","FreeGame":"Jogos grátis","RollOver":"Renovação"}}