{"paths":{},"types":[],"uuids":["6aQPsvWI9PCYt1V6n359b7","fescta/pVHDZhTovbf8Bl0","07pXWG2pBO6IPRC1bfMWxj","12cMFbu5BMYbM2eThozuJK","15D1k7LVNLv46HYQpUHtw0","34aWifr2RElbZq7yOjalm+","450vb3ghdLjqiG5mzEr1D3","5cqXFJ+TlGBZc3dAaCEliF","5dlEL11iRGd4StiXwqd4E8","6b/D22HaJJA7Hy2iT/pML+","6eLeBzBYVIT5ZRxKWPEbst","c5md21Y65NZoQu4tTyi8c5","ecpdLyjvZBwrvm+cedCcQy"],"scenes":{"db://assets/imports/scene/main.fire":1},"redirect":[5,0,6,0,12,1],"deps":["resources","internal"],"packs":{"051f2afe5":[2,3,4,7,8,9,10,11,1]},"name":"main","importBase":"import","nativeBase":"native","debug":false,"isZip":false,"encrypted":false,"versions":{"import":["051f2afe5","6d395",0,"5438c"],"native":[0,"a6e45"]}}