[1,["ecpdLyjvZBwrvm+cedCcQy","34aWifr2RElbZq7yOjalm+","6aQPsvWI9PCYt1V6n359b7","07pXWG2pBO6IPRC1bfMWxj","c5md21Y65NZoQu4tTyi8c5","5dlEL11iRGd4StiXwqd4E8","450vb3ghdLjqiG5mzEr1D3","6eLeBzBYVIT5ZRxKWPEbst","12cMFbu5BMYbM2eThozuJK","5cqXFJ+TlGBZc3dAaCEliF","15D1k7LVNLv46HYQpUHtw0","6b/D22HaJJA7Hy2iT/pML+"],["node","_spriteFrame","_textureSetter","_parent","backgroundHolder","freeSpinTransitionHolder","reelBackgroundHolder","freeSpinHolder","foregroundEffectHolder","footerUITintHolder","wildCollectEffectHolder","characterHolder","screenShakeHolder","slotZoomHolder","symbolPayoutTintHolder","symbolPayoutItemHolder","bigWinHolder","infoboardHolder","slotComponentsHolder","symMostOverlayHolder","symOverlayEffectHolder","spinButtonHolder","slotHolder","settingMenuFooterHolder","settingMenuHolder","clickEffectHolder","clickAreaNode","anim","scene"],[["cc.Node",["_name","_opacity","_parent","_contentSize","_trs","_components","_children","_anchorPoint"],1,1,5,7,9,12,5],"cc.SpriteFrame",["cc.Node",["_name","_id","_children","_parent","_components","_contentSize","_trs"],1,2,1,9,5,7],["cc.Sprite",["_sizeMode","_isTrimmedMode","_type","node","_materials","_spriteFrame"],0,1,3,6],["cc.AnimationClip",["_name","_duration","sample","events","curveData"],-1,11],["cc.SceneAsset",["_name","asyncLoadAssets"],1],["cc.Node",["_name","_children","_components"],2,2,12],["cc.Canvas",["_fitWidth","_fitHeight","node","_designResolution"],1,1,5],["30844QrfU9KjIen7VgzDFfv",["node","sceneNode"],3,1,4],["SceneNodeBundle",["clickAreaNode","clickEffectHolder","settingMenuHolder","settingMenuFooterHolder","slotHolder","spinButtonHolder","symOverlayEffectHolder","symMostOverlayHolder","slotComponentsHolder","infoboardHolder","bigWinHolder","symbolPayoutItemHolder","symbolPayoutTintHolder","slotZoomHolder","screenShakeHolder","characterHolder","wildCollectEffectHolder","footerUITintHolder","foregroundEffectHolder","freeSpinHolder","reelBackgroundHolder","freeSpinTransitionHolder","backgroundHolder"],3,1,1,1,1,1,1,1,1,1,1,1,1,1,1,1,1,1,1,1,1,1,1,1],["4e66dLKNYlBraW8fCE3p/g+",["node"],3,1],["cc.Widget",["_alignFlags","node"],2,1],["e6dc0Qp1bNMGbTwCBFncTY+",["node","anim"],3,1,1],["291194Nl1dKwqC4F+S65r6d",["node"],3,1],["ebbe25Ix+pD+p/yRKSVryTd",["node"],3,1],["cc.Mask",["_type","_N$alphaThreshold","node","_materials","_spriteFrame"],1,1,3,6],["cc.Scene",["_name","_active","_children","_anchorPoint","_trs"],1,2,5,7],["cc.Camera",["_clearFlags","_depth","node"],1,1],["cc.Animation",["node","_clips"],3,1,3]],[[0,0,2,2],[3,0,1,3,4,5,3],[0,0,2,5,3,4,2],[0,0,2,4,2],[0,0,2,3,4,2],[4,0,1,2,3,4,5],[5,0,1,3],[0,0,6,2],[0,0,1,2,5,3,4,3],[0,0,2,5,2],[0,0,2,3,2],[0,0,2,5,3,7,4,2],[2,0,1,2,4,5,6,3],[2,0,3,2,4,2],[2,0,2,5,2],[2,0,3,2,4,5,6,2],[2,0,3,2,2],[2,0,3,2,6,2],[6,0,1,2,2],[7,0,1,2,3,3],[8,0,1,1],[9,0,1,2,3,4,5,6,7,8,9,10,11,12,13,14,15,16,17,18,19,20,21,22,1],[10,0,1],[11,0,1,2],[12,0,1,1],[13,0,1],[3,2,0,1,3,4,5,4],[14,0,1],[15,0,1,2,3,4,3],[16,0,1,2,3,4,3],[17,0,1,2,3],[18,0,1,1]],[[[{"name":"ui_cloud_a","rect":[1,187,250,193],"offset":[-4,-2],"originalSize":[324,259],"capInsets":[0,0,0,0]}],[1],0,[0],[2],[1]],[[{"name":"ui_reel_frame_btm","rect":[1,1,640,83],"offset":[0,0],"originalSize":[640,83],"capInsets":[0,0,0,0]}],[1],0,[0],[2],[1]],[[{"name":"ui_footer_tint","rect":[1,386,649,369],"offset":[0,0],"originalSize":[649,369],"capInsets":[0,0,0,0]}],[1],0,[0],[2],[1]],[[{"name":"ui_footer","rect":[1,1280,966,461],"offset":[0,0],"originalSize":[966,461],"capInsets":[0,440,0,0]}],[1],0,[0],[2],[2]],[[{"name":"ui_bg","rect":[1,1,966,1277],"offset":[0,0],"originalSize":[966,1277],"capInsets":[0,0,0,0]}],[1],0,[0],[2],[2]],[[[5,"slot_zoom_out",3.3333333333333335,18,[{"frame":2.5,"func":"setShowRespinEffectCallback","params":[]},{"frame":3.1666666666666665,"func":"setDuplicateCallback","params":[]}],[{},"paths",11,[{"zoom_holder_2/ui_lantern_a":{"comps":{},"props":{"x":[{"frame":0,"value":-700},{"frame":3.3333333333333335,"value":-560}]}},"zoom_holder_2/ui_lantern_b":{"comps":{},"props":{"x":[{"frame":0,"value":700},{"frame":3.3333333333333335,"value":560}]}},"zoom_holder_2/ui_pattern_a":{"comps":{},"props":{"x":[{"frame":0,"value":-700},{"frame":3.3333333333333335,"value":-560}]}},"zoom_holder_2/ui_pattern_b":{"comps":{},"props":{"x":[{"frame":0,"value":700},{"frame":3.3333333333333335,"value":560}]}}},"zoom_holder_2",11,[{},"props",11,[{},"scale",12,[[[{"frame":0,"curve":"linear"},"value",8,[0,1,1]],[{"frame":3.3333333333333335},"value",8,[0,0.9,0.9]]],11,11]]],"zoom_holder_1",11,[{},"props",11,[{},"scale",12,[[[{"frame":0,"curve":"linear"},"value",8,[0,1,1]],[{"frame":3.3333333333333335},"value",8,[0,0.95,0.95]]],11,11]]]]]]],0,0,[],[],[]],[[{"name":"ui_reel_frame_top","rect":[1,86,641,99],"offset":[0,0],"originalSize":[641,99],"capInsets":[0,0,0,0]}],[1],0,[0],[2],[1]],[[{"name":"ui_pattern_a","rect":[644,1,268,184],"offset":[0,0],"originalSize":[268,184],"capInsets":[0,0,0,0]}],[1],0,[0],[2],[1]],[[[6,"main",null],[7,"zoom_holder_2",[[-1,-2,-3,-4,-5,-6,-7,-8,-9,-10,-11,-12,-13,-14,-15,-16,-17,-18,-19,-20,-21,-22,-23,-24,-25,[0,"foreground_effect_holder",-26],-27],1,1,1,1,1,1,1,1,1,1,1,1,1,1,1,1,1,1,1,1,1,1,1,1,1,4,1]],[12,"Canvas","04Sr4T0k9AapEfttqFb0/c",[-55,-56,-57],[[19,true,false,-28,[5,1080,2340]],[20,-52,[21,-51,-50,-49,-48,-47,-46,-45,-44,-43,-42,-41,-40,-39,-38,-37,-36,-35,-34,-33,-32,-31,-30,-29]],[22,-53],[23,45,-54]],[5,1080,2340],[540,1170,0,0,0,0,1,1,1,1]],[18,"slot_zoom_holder",[-61,1],[[[24,-59,-58],-60],4,1]],[13,"screen_shake_holder",2,[3],[[25,-62]]],[8,"ui_footer_tint",0,1,[[1,2,false,-63,[18],19],[27,-64]],[5,649,369],[0,-800,0,0,0,0,1,2,2,2]],[14,"slot_components",[-65],[5,915,990]],[15,"slot_reel_mask",6,[-67],[[28,2,0.10000000000000014,-66,[2],3]],[5,900,998],[0,125,0,0,0,0,1,1,1,1]],[29,"New Node",false,[2],[0,0,0],[0,0,0,0,0,0,1,1,1,1]],[9,"Main Camera",2,[[30,7,-1,-68]]],[16,"zoom_holder_1",3,[-69]],[2,"ui_bg_sprite",10,[[1,2,false,-70,[0],1]],[5,966,1277],[0,338,0,0,0,0,1,1.43,1.43,1.43]],[0,"background_holder",1],[0,"character_holder",1],[3,"reel_background_holder",1,[0,98,0,0,0,0,1,1.43,1.43,1.43]],[17,"slot_holder",1,[6],[0,-24,0,0,0,0,1,1,1,1]],[4,"slot_reel_holder",7,[5,915,990],[0,-125,0,0,0,0,1,1,1,1]],[3,"sym_overlay_effect_holder",1,[0,-24,0,0,0,0,1,1,1,1]],[3,"sym_most_overlay_holder",1,[0,-24,0,0,0,0,1,1,1,1]],[3,"symbol_payout_tint_holder",1,[0,98,0,0,0,0,1,1,1,1]],[2,"ui_reel_frame_top",1,[[1,2,false,-71,[4],5]],[5,641,99],[0,545,0,0,0,0,1,1.43,1.43,1.43]],[2,"ui_reel_frame_btm",1,[[1,2,false,-72,[6],7]],[5,640,83],[2,-329,0,0,0,0,1,1.43,1.43,1.43]],[0,"foreground_effect_holder",1],[2,"ui_lantern_a",1,[[1,2,false,-73,[8],9]],[5,324,259],[-700,885,0,0,0,0,1,1.43,1.43,1.43]],[2,"ui_lantern_b",1,[[1,2,false,-74,[10],11]],[5,324,259],[700,885,0,0,0,0,1,-1.43,1.43,-1.43]],[2,"ui_pattern_a",1,[[1,2,false,-75,[12],13]],[5,268,184],[-550,-300,0,0,0,0,1,1.43,1.43,1.43]],[2,"ui_pattern_b",1,[[1,2,false,-76,[14],15]],[5,268,184],[550,-300,0,0,0,0,1,-1.43,1.43,-1.43]],[4,"click_area_holder",1,[5,1080,971],[0,90,0,0,0,0,1,1,1,1]],[10,"click_effect_holder",1,[5,1080,971]],[3,"infoboard_holder",1,[0,-477,0,0,0,0,1,1,1,1]],[0,"wild_collect_effect_holder",1],[11,"ui_footer_sprite",1,[[26,1,0,false,-77,[16],17]],[5,966,630],[0,0.5,1],[5,-505,0,0,0,0,1,1.43,1.43,1.43]],[0,"symbol_payout_item_holder",1],[4,"setting_menu_holder",1,[5,1080,0],[0,-876,0,0,0,0,1,1,1,1]],[4,"setting_menu_footer_holder",1,[5,1080,0],[0,-615,0,0,0,0,1,1,1,1]],[3,"spin_button_holder",1,[5,-740,0,0,0,0,1,1,1,1]],[0,"free_spin_holder",1],[3,"free_spin_transition_holder",1,[0,158,0,0,0,0,1,1,1,1]],[31,3,[20]],[0,"big_win_holder",2]],0,[0,-1,12,0,-2,13,0,-3,14,0,-4,15,0,-5,17,0,-6,18,0,-7,19,0,-8,20,0,-9,21,0,-10,22,0,-11,23,0,-12,24,0,-13,25,0,-14,26,0,-15,27,0,-16,28,0,-17,29,0,-18,30,0,-19,31,0,-20,5,0,-21,32,0,-22,33,0,-23,34,0,-24,35,0,-25,36,0,3,1,0,-27,37,0,0,2,0,4,12,0,5,37,0,6,14,0,7,36,0,8,22,0,9,5,0,10,30,0,11,13,0,12,4,0,13,3,0,14,19,0,15,32,0,16,39,0,17,29,0,18,6,0,19,18,0,20,17,0,21,35,0,22,16,0,23,34,0,24,33,0,25,28,0,26,27,0,0,2,0,0,2,0,0,2,0,-1,9,0,-2,4,0,-3,39,0,27,38,0,0,3,0,-2,38,0,-1,10,0,0,4,0,0,5,0,0,5,0,-1,7,0,0,7,0,-1,16,0,0,9,0,-1,11,0,0,11,0,0,20,0,0,21,0,0,23,0,0,24,0,0,25,0,0,26,0,0,31,0,28,8,1,3,3,2,3,8,3,3,4,6,3,15,77],[0,0,0,0,0,0,0,0,0,0,0,0,0,0,0,0,0,0,0,0,0],[-1,1,-1,1,-1,1,-1,1,-1,1,-1,1,-1,1,-1,1,-1,1,-1,1,-1],[0,5,0,6,0,7,0,8,0,3,0,3,0,4,0,4,0,9,0,10,11]]]]