[1,["8b1PVdJDlFN7YnME6LxSjF","76vB2S0mBBc40cImRhBu6O","f8+6b5qV9GjahtGTmuxhWc"],["_textureSetter","s_wild","s_wild_blur"],["cc.SpriteFrame",["cc.SpriteAtlas",["_name","_spriteFrames"],2,11]],[[1,0,1,2]],[[[{"name":"s_wild","rect":[1,1,320,294],"offset":[0,-5],"originalSize":[350,350],"capInsets":[0,0,0,0]}],[0],0,[0],[0],[0]],[[[0,"special_symbols.plist",[{},"s_wild",6,0,"s_wild_blur",6,1]]],0,0,[0,0],[1,2],[1,2]],[[{"name":"s_wild_blur","rect":[323,1,161,151],"offset":[0,-2],"originalSize":[175,175],"rotated":1,"capInsets":[0,0,0,0]}],[0],0,[0],[0],[0]]]]