[1,["3eqmsE8dZNUI9ovrw6vqZ8","a0Skc3ScFMapK+dliLYghm","605m4HVHVKiZ6NZ5sSX2iY","ecpdLyjvZBwrvm+cedCcQy","ebeoo8A3NA9LyKOPPS4l8C","32b/a2a71MzY60io7U0xIW","b6AROkeb1MLqhX8BF40YYP","61Cr5WY2lC8IwmAtqq+c77","82Ehfmlz5B0rClGEqz9aw1","62Xy1vOhhKW6qsOu7xcYRM","b7eoMi7eBMcJOJVmIX7rXb","79oOicstFB/Ysx2iUWrzz0","169j2l2SRGIJE4OdzJ76h2","395LUtEhBPH472uBKvd+22","8auaX8u4JFiJlAUwESYDg3","7ebT9NCiFNVJyKPq9lttKg","55KSwrtSNHrLB9QcSDzDuo","c1ep8Cd5RPFIxTC13f8/C3","acm9FQYApCyJCcyCi49D9e","d3hhZQR29KPKmNLamUS/k9","90kRaRCRxBpb07+0RAphId","c55QWNhSZFNpUP2oaegWr6","aeV1ulZN1HIqTGQ+0amZQ8","4dMmEErItA1JQgP7qkW0jJ","263OnmNBpGrYyPWbzI8I+S","51MY+T5DVCypXs+ZDY3P+h","bdjX5hMwxHlqjBB7PvJFy2","ecxoBrGypLYZCY/AxG5TZG","118hXgmLNAlpuwvszcw5QY","abFORyx51KOqUu+ciF0LzP","81jP49lOpA55nLffMlNlQ8","7b+HuzZsVL56i+9L5SAb/6","57mA81OMxINLwWPEmc2mmH","edhuvVw3hOWbep5pd9S+Dh","2fDhGmB2hBXqpBwQmUQDdd","d5lQMHBKpAALd/lvS/jSOI","4fGf+15vZHqYf4KjNzyzLV","1fFEf75hdNJ6MaLAS/1Xlr","76uzMZGXZH5JhzCFBExxWC","41PcJIEHFJS7DS8vfoU0nd","c4FGhx6z9Lq5Dfo3Klb6ft","79CD0XsAhJAozrGGfBY7CE","e7dj2wTAhFuJgINtl60p6J","eeMmF+PNZK2IVgGLAolyxb","c0w/srTwREtaoYw706E7KL","60uyDRsaNNmY89knjZcSec","7a7HQ/FRVL7bsB4tg6OZAT","71aaTdIKpIhol7Ii9uaGnH","e311bVjVlJ07bwIZXyxzP5","6aCYvlBU9KVoqV+ARFMYSI","7dYFL0rKhH34QbIQlgr/LN","dd4JCaI2JAf79ksqJA25LU","c2M4cJQutNZLEZ76E9GJ3l","3e7Kp/PPFDbrDwUS4Dp91q","a7GS6Jb7ZBhoKSItCpLjLr","e0r2C7ixdCya1mPRQFZWS2","cbOWh4fBxEMLR8KcqXC2/5","49RD3WAANMsb5LgS/WDb9g","366HwvN99F9Yta9Qa9z5n5","8aB0wAsXJB9K0tRNXn/Ge+","abtJ+ZUUtOx5VsK072W6+M","abxdA918hCQblAdEn3f3ns","23oWk4K6JH6JAxXt7hrk/Y","4crxxIV51E/ZGUrXJGD3cD","ffo7/EQ4BDiKrbkctA27D+","fcNRaJ9g9LL4rWmYMC3k4q","e34DScl/VDPpyphVF1zKyo","32i5bkbx9LE7RYY0XReLUV","6bXs0pgZpKD7ziXlrcKxr7","eeTl0ZoulOxI72RPKKaMQ2","c1V8+dLWdEtqru5XOlUJ8k","f6aLUrZJNCGo8+GoSscSTX","6f0LqC6K1PnqHMsvYUyZKQ","64T9Kp6RBPG5ZMxlD5gTx1","a2MjXRFdtLlYQ5ouAFv/+R","b9Q1hILMlMOpRQU3et819i","85l6CF7axFarA+hBhR/isy","faMzG2hJBPBY+4Z9QC4pZU","fb7h25miNEVoKG5ea5p3r5","91ZJpqV6hFMra8iNl1UX9n","7bUZbZL4NBEZ1OX0BNqOMt","15wo2yekhKa416ome8EH3b","cbII7KRFtIwrD23jWrN3Ip","40ChJSpCBPELofPAnYKw3s","7dqn0DXxNFiJeIbXzG7dfu","34aWifr2RElbZq7yOjalm+"],["value","_textureSetter","node","_spriteFrame","root","backCashSymHolder","cashSymbolHolder","freeSpinWonAnim","freeSpinWonHolder","freeSpinWonSprite","freeSpinSprite","data","_defaultClip"],["cc.SpriteFrame",["cc.Node",["_name","_opacity","_prefab","_parent","_components","_trs","_contentSize","_children","_color","_anchorPoint","_eulerAngles"],1,4,1,9,7,5,2,5,5,5],["cc.Sprite",["_sizeMode","_isTrimmedMode","_dstBlendFactor","_srcBlendFactor","node","_materials","_spriteFrame"],-1,1,3,6],["cc.Node",["_name","_parent","_components","_prefab","_children","_contentSize","_trs"],2,1,2,4,2,5,7],["cc.PrefabInfo",["fileId","root","asset"],2,1,1],["cc.Mask",["_enabled","_type","node","_materials","_spriteFrame"],1,1,3,6],["cc.AnimationClip",["_name","_duration","sample","curveData"],0,11],["cc.Prefab",["_name"],2],["dfc134AP3ZBs6S7NA2P5uWz",["node","freeSpinSprite","freeSpinWonSprite","freeSpinWonHolder","freeSpinWonAnim","nodeBwVfxL","cashSymbolHolder","backCashSymHolder"],3,1,1,1,1,1,2,1,1],["cc.Animation",["node","_clips"],3,1,3]],[[4,0,1,2,2],[1,0,3,4,2,6,5,2],[1,0,3,4,2,8,6,5,2],[2,0,1,4,5,6,3],[2,3,2,0,1,4,5,6,5],[2,3,2,0,1,4,5,5],[6,0,1,2,3,4],[1,0,3,4,2,6,5,10,2],[1,0,3,2,5,2],[3,0,1,2,3,5,6,2],[2,0,1,4,5,3],[2,2,0,1,4,5,6,4],[7,0,2],[1,0,7,4,2,2],[1,0,3,7,4,2,6,9,5,2],[1,0,1,3,7,4,2,6,5,3],[1,0,3,7,4,2,6,5,2],[1,0,1,3,4,2,8,6,3],[1,0,1,3,7,2,5,3],[3,0,1,4,2,3,2],[8,0,1,2,3,4,5,6,7,1],[4,1,2,1],[5,0,2,3,2],[5,1,2,3,4,2],[2,2,0,1,4,5,4],[9,0,1,1]],[[[{"name":"fs_vfx_b_add_01","rect":[998,1,372,367],"offset":[5,4],"originalSize":[752,743],"rotated":1,"capInsets":[0,0,0,0]}],[0],0,[0],[1],[4]],[[{"name":"fs_vfx_g_screen_01_00007","rect":[757,253,250,250],"offset":[0,0],"originalSize":[250,250],"capInsets":[0,0,0,0]}],[0],0,[0],[1],[0]],[[{"name":"fs_vfx_b_add_10","rect":[510,1053,498,495],"offset":[10,4],"originalSize":[752,743],"rotated":1,"capInsets":[0,0,0,0]}],[0],0,[0],[1],[2]],[[{"name":"fs_vfx_g_screen_02_00008","rect":[1,505,250,250],"offset":[0,0],"originalSize":[250,250],"capInsets":[0,0,0,0]}],[0],0,[0],[1],[1]],[[{"name":"fs_vfx_g_screen_01_00019","rect":[757,1009,250,250],"offset":[0,0],"originalSize":[250,250],"capInsets":[0,0,0,0]}],[0],0,[0],[1],[0]],[[{"name":"fs_vfx_b_add_07","rect":[532,511,470,467],"offset":[9,4],"originalSize":[752,743],"rotated":1,"capInsets":[0,0,0,0]}],[0],0,[0],[1],[4]],[[{"name":"fs_vfx_g_screen_01_00000","rect":[1,1,250,250],"offset":[0,0],"originalSize":[250,250],"capInsets":[0,0,0,0]}],[0],0,[0],[1],[0]],[[{"name":"fs_vfx_g_screen_02_00013","rect":[253,757,250,250],"offset":[0,0],"originalSize":[250,250],"capInsets":[0,0,0,0]}],[0],0,[0],[1],[1]],[[{"name":"fs_vfx_g_screen_02_00004","rect":[1,253,250,250],"offset":[0,0],"originalSize":[250,250],"capInsets":[0,0,0,0]}],[0],0,[0],[1],[1]],[[{"name":"fs_vfx_g_screen_01_00008","rect":[1,505,250,250],"offset":[0,0],"originalSize":[250,250],"capInsets":[0,0,0,0]}],[0],0,[0],[1],[0]],[[{"name":"fs_vfx_b_add_26","rect":[512,522,3,3],"offset":[-374.5,370],"originalSize":[752,743],"capInsets":[0,0,0,0]}],[0],0,[0],[1],[2]],[[[6,"free_spin_board_hide",2.7777777777777777,18,[{},"paths",11,[{"character_mask/character_holder":{"props":{"y":[{"frame":0,"value":480,"curve":"cubicIn"},{"frame":0.3333333333333333,"value":-82}],"opacity":[{"frame":0.2777777777777778,"value":255},{"frame":0.3333333333333333,"value":0}]}},"black_mask":{"props":{"opacity":[{"frame":0,"value":150},{"frame":0.5555555555555556,"value":0}]}}},"fs_vfx_e_add",11,[{},"props",11,[{"opacity":[{"frame":1.9444444444444444,"value":255},{"frame":2.7777777777777777,"value":0}]},"scale",12,[[[{"frame":0,"curve":"quintOut"},"value",8,[0,0,0]],[{"frame":1.9444444444444444},"value",8,[0,2.7,2.7]]],11,11]]],"fs_vfx_f_add",11,[{},"props",11,[{"opacity":[{"frame":0.7777777777777778,"value":100},{"frame":1.3888888888888888,"value":0}]},"scale",12,[[[{"frame":0,"curve":"quartOut"},"value",8,[0,0,0]],[{"frame":1.3888888888888888},"value",8,[0,2,2]]],11,11]]],"fs_text_window",11,[{},"props",11,[{"opacity":[{"frame":1.0555555555555556,"value":255},{"frame":1.6666666666666667,"value":0}]},"scale",12,[[[{"frame":0.3333333333333333,"curve":"cubicOut"},"value",8,[0,1.85,1.85]],[{"frame":1.1111111111111112},"value",8,[0,1.43,1.43]]],11,11]]]]]]],0,0,[],[],[]],[[{"name":"fs_vfx_b_add_12","rect":[512,536,518,515],"offset":[11,5],"originalSize":[752,743],"capInsets":[0,0,0,0]}],[0],0,[0],[1],[2]],[[{"name":"fs_vfx_g_screen_02_00003","rect":[757,1,250,250],"offset":[0,0],"originalSize":[250,250],"capInsets":[0,0,0,0]}],[0],0,[0],[1],[1]],[[{"name":"fs_vfx_g_screen_02_00009","rect":[253,505,250,250],"offset":[0,0],"originalSize":[250,250],"capInsets":[0,0,0,0]}],[0],0,[0],[1],[1]],[[{"name":"fs_vfx_g_screen_01_00018","rect":[505,1009,250,250],"offset":[0,0],"originalSize":[250,250],"capInsets":[0,0,0,0]}],[0],0,[0],[1],[0]],[[{"name":"fs_vfx_b_add_09","rect":[1543,504,492,489],"offset":[10,4],"originalSize":[752,743],"rotated":1,"capInsets":[0,0,0,0]}],[0],0,[0],[1],[2]],[[[6,"free_spin_won",1.7222222222222223,18,[{},"paths",11,[{"character_mask/character_holder":{"props":{"y":[{"frame":0.3888888888888889,"value":-82,"curve":"cubicOut"},{"frame":0.6666666666666666,"value":520},{"frame":0.7777777777777778,"value":480}],"opacity":[{"frame":0.2777777777777778,"value":0},{"frame":0.3333333333333333,"value":255}]}},"black_mask":{"props":{"opacity":[{"frame":0.2777777777777778,"value":0},{"frame":0.6111111111111112,"value":150}]}}},"fs_text_window",11,[{},"props",11,[{"opacity":[{"frame":0,"value":0,"curve":"cubicIn"},{"frame":0.2777777777777778,"value":255}]},"scale",12,[[[{"frame":0},"value",8,[0,1.43,1.43]],[{"frame":0.2777777777777778,"curve":"cubicIn"},"value",8,[0,1.9,1.9]],[{"frame":0.4444444444444444},"value",8,[0,1.85,1.85]]],11,11,11]]],"fs_vfx_b_add",11,[{},"comps",11,[{},"cc.Sprite",11,[{},"spriteFrame",12,[[[{"frame":0},"value",6,0],[{"frame":0.05555555555555555},"value",6,1],[{"frame":0.1111111111111111},"value",6,2],[{"frame":0.16666666666666666},"value",6,3],[{"frame":0.2222222222222222},"value",6,4],[{"frame":0.2777777777777778},"value",6,5],[{"frame":0.3333333333333333},"value",6,6],[{"frame":0.3888888888888889},"value",6,7],[{"frame":0.4444444444444444},"value",6,8],[{"frame":0.5},"value",6,9],[{"frame":0.5555555555555556},"value",6,10],[{"frame":0.6111111111111112},"value",6,11],[{"frame":0.6666666666666666},"value",6,12],[{"frame":0.7222222222222222},"value",6,13],[{"frame":0.7777777777777778},"value",6,14],[{"frame":0.8333333333333334},"value",6,15],[{"frame":0.8888888888888888},"value",6,16],[{"frame":0.9444444444444444},"value",6,17],[{"frame":1},"value",6,18],[{"frame":1.0555555555555556},"value",6,19],[{"frame":1.1111111111111112},"value",6,20],[{"frame":1.1666666666666667},"value",6,21],[{"frame":1.2222222222222223},"value",6,22],[{"frame":1.2777777777777777},"value",6,23],[{"frame":1.3333333333333333},"value",6,24],[{"frame":1.3888888888888888},"value",6,25],[{"frame":1.4444444444444444},"value",6,26]],11,11,11,11,11,11,11,11,11,11,11,11,11,11,11,11,11,11,11,11,11,11,11,11,11,11,11]]]],"fs_vfx_g_screen_01",11,[{},"comps",11,[{},"cc.Sprite",11,[{},"spriteFrame",12,[[{"frame":0.3333333333333333,"value":null},[{"frame":0.3888888888888889},"value",6,27],[{"frame":0.4444444444444444},"value",6,28],[{"frame":0.5},"value",6,29],[{"frame":0.5555555555555556},"value",6,30],[{"frame":0.6111111111111112},"value",6,31],[{"frame":0.6666666666666666},"value",6,32],[{"frame":0.7222222222222222},"value",6,33],[{"frame":0.7777777777777778},"value",6,34],[{"frame":0.8333333333333334},"value",6,35],[{"frame":0.8888888888888888},"value",6,36],[{"frame":0.9444444444444444},"value",6,37],[{"frame":1},"value",6,38],[{"frame":1.0555555555555556},"value",6,39],[{"frame":1.1111111111111112},"value",6,40],[{"frame":1.1666666666666667},"value",6,41],[{"frame":1.2222222222222223},"value",6,42],[{"frame":1.2777777777777777},"value",6,43],[{"frame":1.3333333333333333},"value",6,44],[{"frame":1.3888888888888888},"value",6,45],[{"frame":1.4444444444444444},"value",6,46],{"frame":1.5,"value":null}],0,11,11,11,11,11,11,11,11,11,11,11,11,11,11,11,11,11,11,11,11,0]]]],"fs_vfx_g_screen_02",11,[{},"comps",11,[{},"cc.Sprite",11,[{},"spriteFrame",12,[[{"frame":0.2777777777777778,"value":null},[{"frame":0.3333333333333333},"value",6,47],[{"frame":0.3888888888888889},"value",6,48],[{"frame":0.4444444444444444},"value",6,49],[{"frame":0.5},"value",6,50],[{"frame":0.5555555555555556},"value",6,51],[{"frame":0.6111111111111112},"value",6,52],[{"frame":0.6666666666666666},"value",6,53],[{"frame":0.7222222222222222},"value",6,54],[{"frame":0.7777777777777778},"value",6,55],[{"frame":0.8333333333333334},"value",6,56],[{"frame":0.8888888888888888},"value",6,57],[{"frame":0.9444444444444444},"value",6,58],[{"frame":1},"value",6,59],[{"frame":1.0555555555555556},"value",6,60],[{"frame":1.1111111111111112},"value",6,61],[{"frame":1.1666666666666667},"value",6,62],[{"frame":1.2222222222222223},"value",6,63],[{"frame":1.2777777777777777},"value",6,64],[{"frame":1.3333333333333333},"value",6,65],[{"frame":1.3888888888888888},"value",6,66],{"frame":1.4444444444444444,"value":null}],0,11,11,11,11,11,11,11,11,11,11,11,11,11,11,11,11,11,11,11,11,0]]]],"fs_vfx_g_screen_01_right",11,[{},"comps",11,[{},"cc.Sprite",11,[{},"spriteFrame",12,[[{"frame":0.5,"value":null},[{"frame":0.5555555555555556},"value",6,67],[{"frame":0.6111111111111112},"value",6,68],[{"frame":0.6666666666666666},"value",6,69],[{"frame":0.7222222222222222},"value",6,70],[{"frame":0.7777777777777778},"value",6,71],[{"frame":0.8333333333333334},"value",6,72],[{"frame":0.8888888888888888},"value",6,73],[{"frame":0.9444444444444444},"value",6,74],[{"frame":1},"value",6,75],[{"frame":1.0555555555555556},"value",6,76],[{"frame":1.1111111111111112},"value",6,77],[{"frame":1.1666666666666667},"value",6,78],[{"frame":1.2222222222222223},"value",6,79],[{"frame":1.2777777777777777},"value",6,80],[{"frame":1.3333333333333333},"value",6,81],[{"frame":1.3888888888888888},"value",6,82],[{"frame":1.4444444444444444},"value",6,83],[{"frame":1.5},"value",6,84],[{"frame":1.5555555555555556},"value",6,85],[{"frame":1.6111111111111112},"value",6,86],{"frame":1.6666666666666667,"value":null}],0,11,11,11,11,11,11,11,11,11,11,11,11,11,11,11,11,11,11,11,11,0]]]]]]]],0,0,[0,0,0,0,0,0,0,0,0,0,0,0,0,0,0,0,0,0,0,0,0,0,0,0,0,0,0,0,0,0,0,0,0,0,0,0,0,0,0,0,0,0,0,0,0,0,0,0,0,0,0,0,0,0,0,0,0,0,0,0,0,0,0,0,0,0,0,0,0,0,0,0,0,0,0,0,0,0,0,0,0,0,0,0,0,0,0],[0,0,0,0,0,0,0,0,0,0,0,0,0,0,0,0,0,0,0,0,0,0,0,0,0,0,0,0,0,0,0,0,0,0,0,0,0,0,0,0,0,0,0,0,0,0,0,0,0,0,0,0,0,0,0,0,0,0,0,0,0,0,0,0,0,0,0,0,0,0,0,0,0,0,0,0,0,0,0,0,0,0,0,0,0,0,0],[27,28,29,30,31,32,33,34,35,36,37,38,39,40,41,42,43,44,45,46,47,48,49,50,51,52,53,5,6,7,8,9,10,11,12,13,14,15,16,17,18,19,20,21,22,23,24,54,55,56,57,58,59,60,61,62,63,64,65,66,67,68,69,70,71,72,73,5,6,7,8,9,10,11,12,13,14,15,16,17,18,19,20,21,22,23,24]],[[{"name":"fs_vfx_g_screen_01_00011","rect":[757,505,250,250],"offset":[0,0],"originalSize":[250,250],"capInsets":[0,0,0,0]}],[0],0,[0],[1],[0]],[[{"name":"fs_vfx_b_add_05","rect":[1,1562,442,439],"offset":[8,4],"originalSize":[752,743],"capInsets":[0,0,0,0]}],[0],0,[0],[1],[2]],[[{"name":"fs_vfx_b_add_18","rect":[1,522,520,509],"offset":[30,-5],"originalSize":[752,743],"rotated":1,"capInsets":[0,0,0,0]}],[0],0,[0],[1],[2]],[[{"name":"fs_vfx_g_screen_01_00002","rect":[505,1,250,250],"offset":[0,0],"originalSize":[250,250],"capInsets":[0,0,0,0]}],[0],0,[0],[1],[0]],[[{"name":"fs_vfx_g_screen_01_00004","rect":[1,253,250,250],"offset":[0,0],"originalSize":[250,250],"capInsets":[0,0,0,0]}],[0],0,[0],[1],[0]],[[{"name":"fs_vfx_g_screen_02_00019","rect":[757,1009,250,250],"offset":[0,0],"originalSize":[250,250],"capInsets":[0,0,0,0]}],[0],0,[0],[1],[1]],[[[12,"free_spin_transition_controller"],[13,"free_spin_transition_controller",[-12,-13],[[20,-11,-10,-9,-8,-7,[-4,-5,-6],-3,-2]],[21,-1,0]],[19,"fs_won_holder",1,[-15,-16,-17,-18,-19,-20,-21,-22,-23,-24,-25,-26,-27,-28],[-14],[0,"4aSjIW555BN7R1wRPdooVH",1,0]],[14,"character_mask",2,[-30],[[22,false,-29,[8]]],[0,"6aR9WBEP1BAJXPG9/0NJZ4",1,0],[5,1000,900],[0,0.5,0],[0,-115,0,0,0,0,1,1,1,1]],[15,"fs_text_window",0,2,[-32],[[3,2,false,-31,[10],11]],[0,"7dVpE/QOBAc40Tu/7av7Q1",1,0],[5,565,518],[0,-200,0,0,0,0,1,1.43,1.43,1.5]],[2,"bw_vfx_l_screen_01",2,[[4,1,769,2,false,-33,[17],18]],[0,"3dkUW2hb5JUaQ1fdRb8Q5R",1,0],[4,4278190080],[5,540,1170],[0,0,0,0,0,0,1,2,2,1]],[2,"bw_vfx_l_screen_02",2,[[4,1,769,2,false,-34,[19],20]],[0,"55xhnGy91LeJcx9Ioo6ZB+",1,0],[4,4278190080],[5,540,1170],[0,0,0,0,0,0,1,2,2,1]],[2,"bw_vfx_l_screen_03",2,[[4,1,769,2,false,-35,[21],22]],[0,"04zbatiV1GfpmtDIBrzzEO",1,0],[4,4278190080],[5,540,1170],[0,0,0,0,0,0,1,2,2,1]],[16,"slot_reel_mask",2,[-37],[[23,2,-36,[23],24]],[0,"5e7cvHnOxMQLnDx9DB3sq1",1,0],[5,900,995],[2.5,-57,0,0,0,0,1,1,1,1]],[9,"free_spin_test",1,[-38],[0,"69uD8ElG1KE4l2THl7b2wZ",1,0],[5,500,97],[0,0,0,0,0,0,1,1.43,1.43,1]],[10,2,false,9,[0]],[17,"black_mask",0,2,[[3,0,false,-39,[1],2]],[0,"59gIwqvfdMg69UIGDR15xh",1,0],[4,4278190080],[5,1620,3510]],[7,"fs_vfx_g_screen_01",2,[[5,1,769,2,false,-40,[3]]],[0,"81sT1sGI9COIdE16OSVrrc",1,0],[5,250,250],[-353,455,0,0,0,0.3090169943749474,0.9510565162951535,4.5,4.5,1],[1,0,0,36]],[1,"fs_vfx_g_screen_02",2,[[5,1,769,2,false,-41,[4]]],[0,"12X4p+GqhPn7d43Y3TN3SC",1,0],[5,250,250],[0,805,0,0,0,0,1,4.5,4.5,1]],[7,"fs_vfx_g_screen_01_right",2,[[5,1,769,2,false,-42,[5]]],[0,"37jS+V9g1AR4CIjmZd/2ga",1,0],[5,250,250],[257,529,0,0,0,-0.10452846326765347,0.9945218953682733,4.5,4.5,1],[1,0,0,-12]],[18,"character_holder",0,3,[-43],[0,"7dN+9pqEdFVqu9KNguKVwa",1,0],[0,-82,0,0,0,0,1,1.4,1.4,1]],[1,"ui_chac",15,[[3,2,false,-44,[6],7]],[0,"821y2Qhi5NDq8KMzQn7rHb",1,0],[5,275,468],[0,0,0,0,0,0,1,1.43,1.43,1]],[9,"free_spin_won_text",4,[-45],[0,"a9mjroAtlFCZk/qNof0JWW",1,0],[5,295,338],[0,0,0,0,0,0,1,1,1,1.33333]],[10,2,false,17,[9]],[1,"fs_vfx_b_add",2,[[24,1,2,false,-46,[12]]],[0,"265K9jBI9HKK2MvLPZjd+5",1,0],[5,752,438],[0,0,0,0,0,0,1,1.43,1.43,1]],[1,"fs_vfx_e_add",2,[[11,1,2,false,-47,[13],14]],[0,"01lmSRpd5P/ozjVM266QF7",1,0],[5,756,766],[0,-200,0,0,0,0,1,0,0,1]],[1,"fs_vfx_f_add",2,[[11,1,2,false,-48,[15],16]],[0,"edWa0gCHdDPInQB1JHlJvQ",1,0],[5,606,606],[0,-200,0,0,0,0,1,0,0,1]],[8,"back_cash_sym_holder",2,[0,"b21yOE9KRBX48CS0c6khRx",1,0],[2.5,158,0,0,0,0,1,1,1,1]],[8,"cash_symbol_holder",8,[0,"02Do/EGptI1qaSb6pZ3N5W",1,0],[0,215,0,0,0,0,1,1,1,1]],[25,2,[25,26]]],0,[0,4,1,0,5,22,0,6,23,0,-1,5,0,-2,6,0,-3,7,0,7,24,0,8,2,0,9,18,0,10,10,0,2,1,0,-1,9,0,-2,2,0,-1,24,0,-1,11,0,-2,12,0,-3,13,0,-4,14,0,-5,3,0,-6,4,0,-7,19,0,-8,20,0,-9,21,0,-10,5,0,-11,6,0,-12,7,0,-13,22,0,-14,8,0,2,3,0,-1,15,0,2,4,0,-1,17,0,2,5,0,2,6,0,2,7,0,2,8,0,-1,23,0,-1,10,0,2,11,0,2,12,0,2,13,0,2,14,0,-1,16,0,2,16,0,-1,18,0,2,19,0,2,20,0,2,21,0,11,1,48],[0,0,0,0,0,0,0,0,0,0,0,0,0,0,0,0,0,0,0,0,0,0,0,0,0,0,0,24],[-1,-1,3,-1,-1,-1,-1,3,-1,-1,-1,3,-1,-1,3,-1,3,-1,3,-1,3,-1,3,-1,3,-1,-2,12],[3,3,74,3,3,3,3,75,3,3,3,76,3,3,77,3,78,3,79,3,80,3,81,3,82,25,83,25]],[[{"name":"fs_vfx_b_add_22","rect":[1,1,480,531],"offset":[8,-5],"originalSize":[752,743],"capInsets":[0,0,0,0]}],[0],0,[0],[1],[4]],[[{"name":"fs_vfx_g_screen_02_00014","rect":[505,757,250,250],"offset":[0,0],"originalSize":[250,250],"capInsets":[0,0,0,0]}],[0],0,[0],[1],[1]],[[{"name":"fs_vfx_g_screen_02_00018","rect":[505,1009,250,250],"offset":[0,0],"originalSize":[250,250],"capInsets":[0,0,0,0]}],[0],0,[0],[1],[1]],[[{"name":"fs_vfx_b_add_20","rect":[1,1,532,519],"offset":[29,-5],"originalSize":[752,743],"capInsets":[0,0,0,0]}],[0],0,[0],[1],[2]],[[{"name":"fs_vfx_b_add_11","rect":[1032,518,512,509],"offset":[10,4],"originalSize":[752,743],"rotated":1,"capInsets":[0,0,0,0]}],[0],0,[0],[1],[2]],[[{"name":"fs_vfx_b_add_14","rect":[1539,1,498,501],"offset":[29,-10],"originalSize":[752,743],"capInsets":[0,0,0,0]}],[0],0,[0],[1],[2]],[[{"name":"fs_vfx_g_screen_01_00006","rect":[505,253,250,250],"offset":[0,0],"originalSize":[250,250],"capInsets":[0,0,0,0]}],[0],0,[0],[1],[0]],[[{"name":"fs_vfx_b_add_19","rect":[1021,1,516,515],"offset":[36,-5],"originalSize":[752,743],"capInsets":[0,0,0,0]}],[0],0,[0],[1],[2]],[[{"name":"fs_vfx_b_add_04","rect":[532,983,432,427],"offset":[8,4],"originalSize":[752,743],"capInsets":[0,0,0,0]}],[0],0,[0],[1],[4]],[[{"name":"fs_vfx_b_add_23","rect":[535,1,484,533],"offset":[9,-6],"originalSize":[752,743],"capInsets":[0,0,0,0]}],[0],0,[0],[1],[2]],[[{"name":"fs_vfx_g_screen_01_00010","rect":[505,505,250,250],"offset":[0,0],"originalSize":[250,250],"capInsets":[0,0,0,0]}],[0],0,[0],[1],[0]],[[{"name":"fs_vfx_b_add_03","rect":[966,983,420,415],"offset":[7,4],"originalSize":[752,743],"rotated":1,"capInsets":[0,0,0,0]}],[0],0,[0],[1],[4]],[[{"name":"fs_vfx_g_screen_01_00003","rect":[757,1,250,250],"offset":[0,0],"originalSize":[250,250],"capInsets":[0,0,0,0]}],[0],0,[0],[1],[0]],[[{"name":"fs_text_window","rect":[0,0,565,518],"offset":[0,0],"originalSize":[565,518],"capInsets":[0,74,0,76]}],[0],0,[0],[1],[84]],[[{"name":"fs_vfx_g_screen_02_00005","rect":[253,253,250,250],"offset":[0,0],"originalSize":[250,250],"capInsets":[0,0,0,0]}],[0],0,[0],[1],[1]],[[{"name":"fs_vfx_g_screen_01_00009","rect":[253,505,250,250],"offset":[0,0],"originalSize":[250,250],"capInsets":[0,0,0,0]}],[0],0,[0],[1],[0]],[[{"name":"fs_vfx_g_screen_01_00015","rect":[757,757,250,250],"offset":[0,0],"originalSize":[250,250],"capInsets":[0,0,0,0]}],[0],0,[0],[1],[0]],[[{"name":"fs_vfx_g_screen_02_00000","rect":[1,1,250,250],"offset":[0,0],"originalSize":[250,250],"capInsets":[0,0,0,0]}],[0],0,[0],[1],[1]],[[{"name":"fs_vfx_b_add_02","rect":[1,1014,390,385],"offset":[6,4],"originalSize":[752,743],"capInsets":[0,0,0,0]}],[0],0,[0],[1],[4]],[[{"name":"fs_vfx_g_screen_02_00006","rect":[505,253,250,250],"offset":[0,0],"originalSize":[250,250],"capInsets":[0,0,0,0]}],[0],0,[0],[1],[1]],[[{"name":"fs_vfx_g_screen_02_00007","rect":[757,253,250,250],"offset":[0,0],"originalSize":[250,250],"capInsets":[0,0,0,0]}],[0],0,[0],[1],[1]],[[{"name":"fs_vfx_g_screen_01_00013","rect":[253,757,250,250],"offset":[0,0],"originalSize":[250,250],"capInsets":[0,0,0,0]}],[0],0,[0],[1],[0]],[[{"name":"fs_vfx_g_screen_01_00017","rect":[253,1009,250,250],"offset":[0,0],"originalSize":[250,250],"capInsets":[0,0,0,0]}],[0],0,[0],[1],[0]],[[{"name":"fs_vfx_g_screen_01_00001","rect":[253,1,250,250],"offset":[0,0],"originalSize":[250,250],"capInsets":[0,0,0,0]}],[0],0,[0],[1],[0]],[[{"name":"fs_vfx_g_screen_01_00005","rect":[253,253,250,250],"offset":[0,0],"originalSize":[250,250],"capInsets":[0,0,0,0]}],[0],0,[0],[1],[0]],[[{"name":"ui_chac","rect":[681,187,275,466],"offset":[0,-1],"originalSize":[275,468],"capInsets":[0,0,0,0]}],[0],0,[0],[1],[85]],[[{"name":"fs_vfx_b_add_17","rect":[1,1044,516,507],"offset":[30,-5],"originalSize":[752,743],"rotated":1,"capInsets":[0,0,0,0]}],[0],0,[0],[1],[2]],[[{"name":"fs_vfx_g_screen_02_00016","rect":[1,1009,250,250],"offset":[0,0],"originalSize":[250,250],"capInsets":[0,0,0,0]}],[0],0,[0],[1],[1]],[[{"name":"fs_vfx_g_screen_01_00012","rect":[1,757,250,250],"offset":[0,0],"originalSize":[250,250],"capInsets":[0,0,0,0]}],[0],0,[0],[1],[0]],[[{"name":"fs_vfx_b_add_25","rect":[1001,704,290,247],"offset":[33,143],"originalSize":[752,743],"capInsets":[0,0,0,0]}],[0],0,[0],[1],[4]],[[{"name":"fs_vfx_b_add_13","rect":[1539,1032,492,495],"offset":[28,-11],"originalSize":[752,743],"capInsets":[0,0,0,0]}],[0],0,[0],[1],[2]],[[{"name":"fs_vfx_g_screen_01_00016","rect":[1,1009,250,250],"offset":[0,0],"originalSize":[250,250],"capInsets":[0,0,0,0]}],[0],0,[0],[1],[0]],[[{"name":"fs_vfx_g_screen_02_00002","rect":[505,1,250,250],"offset":[0,0],"originalSize":[250,250],"capInsets":[0,0,0,0]}],[0],0,[0],[1],[1]],[[{"name":"fs_vfx_g_screen_01_00014","rect":[505,757,250,250],"offset":[0,0],"originalSize":[250,250],"capInsets":[0,0,0,0]}],[0],0,[0],[1],[0]],[[{"name":"fs_vfx_b_add_08","rect":[1539,1529,484,481],"offset":[10,4],"originalSize":[752,743],"capInsets":[0,0,0,0]}],[0],0,[0],[1],[2]],[[{"name":"fs_vfx_b_add_24","rect":[1007,1534,488,463],"offset":[8,-43],"originalSize":[752,743],"capInsets":[0,0,0,0]}],[0],0,[0],[1],[2]],[[{"name":"fs_vfx_g_screen_02_00001","rect":[253,1,250,250],"offset":[0,0],"originalSize":[250,250],"capInsets":[0,0,0,0]}],[0],0,[0],[1],[1]],[[{"name":"fs_vfx_b_add_21","rect":[1,534,478,529],"offset":[8,-5],"originalSize":[752,743],"rotated":1,"capInsets":[0,0,0,0]}],[0],0,[0],[1],[4]],[[{"name":"fs_vfx_g_screen_02_00012","rect":[1,757,250,250],"offset":[0,0],"originalSize":[250,250],"capInsets":[0,0,0,0]}],[0],0,[0],[1],[1]],[[{"name":"fs_vfx_b_add_15","rect":[1032,1032,500,505],"offset":[29,-11],"originalSize":[752,743],"rotated":1,"capInsets":[0,0,0,0]}],[0],0,[0],[1],[2]],[[{"name":"fs_vfx_b_add_00","rect":[1001,375,320,327],"offset":[0,6],"originalSize":[752,743],"capInsets":[0,0,0,0]}],[0],0,[0],[1],[4]],[[{"name":"fs_vfx_b_add_06","rect":[510,1553,462,459],"offset":[9,4],"originalSize":[752,743],"capInsets":[0,0,0,0]}],[0],0,[0],[1],[2]],[[{"name":"fs_vfx_b_add_16","rect":[483,1,508,513],"offset":[31,-11],"originalSize":[752,743],"rotated":1,"capInsets":[0,0,0,0]}],[0],0,[0],[1],[4]],[[{"name":"fs_vfx_g_screen_02_00015","rect":[757,757,250,250],"offset":[0,0],"originalSize":[250,250],"capInsets":[0,0,0,0]}],[0],0,[0],[1],[1]],[[{"name":"fs_vfx_g_screen_02_00017","rect":[253,1009,250,250],"offset":[0,0],"originalSize":[250,250],"capInsets":[0,0,0,0]}],[0],0,[0],[1],[1]],[[{"name":"fs_vfx_e_add","rect":[1,1,756,766],"offset":[0,0],"originalSize":[756,766],"capInsets":[0,0,0,0]}],[0],0,[0],[1],[26]],[[{"name":"fs_vfx_f_add","rect":[1,1278,606,606],"offset":[0,0],"originalSize":[606,606],"capInsets":[0,0,0,0]}],[0],0,[0],[1],[26]],[[{"name":"fs_vfx_g_screen_02_00011","rect":[757,505,250,250],"offset":[0,0],"originalSize":[250,250],"capInsets":[0,0,0,0]}],[0],0,[0],[1],[1]],[[{"name":"fs_vfx_g_screen_02_00010","rect":[505,505,250,250],"offset":[0,0],"originalSize":[250,250],"capInsets":[0,0,0,0]}],[0],0,[0],[1],[1]]]]