[1,["ecpdLyjvZBwrvm+cedCcQy","56db9b3rRPGIf7i7FoxFOE","1faqrkaWVJrppuzR95nvIm","f0ctbdv0BPcoJupwD9cLm+","d9mO7/LU1HII5hscF9eRbK","ae4J7B69xB8p4IjudwnCd3","079dCHbdZDyIQo6A87Rqcb","06BGJsBrxOGpZBb2PserPE","d5a/QFGLRNkL32TI3rckRj","bdjX5hMwxHlqjBB7PvJFy2","26rBUBBstJibb6z8Nk/1eF","5f0RR3ViBEaZF0r8QHvG32","4bG+aWGJxGq77zMMDDJLEw","9ar12D+z9MYY/5GSyxFT1v","209MuikExFy4xoPfLC7qKj","1cqvEoOJhA4LUPxsGQcQe3","1fyM3vVN1DDpo4gNgdYtTL"],["_spriteFrame","node","_textureSetter","root","nodeFsVfxC","anim","data","_defaultClip"],["cc.SpriteFrame",["cc.Node",["_name","_opacity","_parent","_components","_prefab","_contentSize","_trs","_color","_anchorPoint","_eulerAngles"],1,1,9,4,5,7,5,5,5],["cc.Sprite",["_dstBlendFactor","_sizeMode","_isTrimmedMode","_srcBlendFactor","node","_materials","_spriteFrame"],-1,1,3,6],["cc.Node",["_name","_children","_prefab","_components","_parent"],2,2,4,12,1],["cc.PrefabInfo",["fileId","root","asset"],2,1,1],["cc.AnimationClip",["_name","_duration","sample","curveData"],-1],["cc.AnimationClip",["_name","_duration","sample","wrapMode","curveData"],-1,11],["cc.Prefab",["_name"],2],["cc.Node",["_name","_opacity","_parent","_components","_prefab","_contentSize","_trs"],1,1,2,4,5,7],["da20aT155RLab5lx13qxA7p",["node","anim","leftFsVfxD","rightFsVfxD","spriteUaVfxA","mainFfUaVfxA","FsSfUaVfxA","nodeFsVfxC","freeSpinGlowNode"],3,1,1,2,2,2,3,3,1,2],["cc.Animation",["node","_clips"],3,1,3]],[[4,0,1,2,2],[2,0,1,2,4,5,6,4],[1,0,1,2,3,4,5,6,3],[1,0,1,2,3,4,5,8,6,9,3],[1,0,2,3,4,7,5,6,2],[8,0,1,2,3,4,5,6,3],[2,3,0,1,2,4,5,6,5],[2,0,1,2,4,5,4],[5,0,1,2,3,5],[6,0,1,2,3,4,5],[7,0,2],[3,0,1,3,2,2],[3,0,4,1,2,2],[9,0,1,2,3,4,5,6,7,8,1],[4,1,2,1],[10,0,1,1]],[[[{"name":"ua_vfx_a_02_add","rect":[1033,291,317,639],"offset":[0,0],"originalSize":[317,639],"capInsets":[0,0,0,0]}],[0],0,[0],[2],[1]],[[[8,"spin_start_glow",0.8888888888888888,18,{"paths":{"ua_vfx_a_01_add":{"props":{"opacity":[{"frame":0,"value":0},{"frame":0.16666666666666666,"value":255},{"frame":0.3333333333333333,"value":0}]}},"ua_vfx_a_02_add_right":{"props":{"opacity":[{"frame":0.2222222222222222,"value":0},{"frame":0.3888888888888889,"value":255},{"frame":0.5555555555555556,"value":0}]}},"ua_vfx_a_02_add_left":{"props":{"opacity":[{"frame":0.2222222222222222,"value":0},{"frame":0.3888888888888889,"value":255},{"frame":0.5555555555555556,"value":0}]}},"ua_vfx_a_03_add_left":{"props":{"opacity":[{"frame":0.4444444444444444,"value":0},{"frame":0.6666666666666666,"value":255},{"frame":0.8888888888888888,"value":0}]}},"ua_vfx_a_03_add_right":{"props":{"opacity":[{"frame":0.4444444444444444,"value":0},{"frame":0.6666666666666666,"value":255},{"frame":0.8888888888888888,"value":0}]}}}}]],0,0,[],[],[]],[[[9,"congrat_glow",1,18,2,[{},"paths",11,[{},"ua_vfx_b_add_left",11,[{},"props",11,[{},"color",12,[[[{"frame":0,"curve":"cubicOut"},"value",8,[4,4278190080]],[{"frame":0.3333333333333333,"curve":"cubicIn"},"value",8,[4,4294967295]],[{"frame":0.6666666666666666},"value",8,[4,4278190080]],[{"frame":1},"value",8,[4,4278190080]]],11,11,11,11]]],"ua_vfx_b_add_right",11,[{},"props",11,[{},"color",12,[[[{"frame":0,"curve":"cubicOut"},"value",8,[4,4278190080]],[{"frame":0.3333333333333333,"curve":"cubicIn"},"value",8,[4,4294967295]],[{"frame":0.6666666666666666},"value",8,[4,4278190080]],[{"frame":1},"value",8,[4,4278190080]]],11,11,11,11]]]]]]],0,0,[],[],[]],[[{"name":"fs_vfx_d_add","rect":[693,1,288,975],"offset":[0,0],"originalSize":[288,975],"rotated":1,"capInsets":[0,0,0,0]}],[0],0,[0],[2],[1]],[[{"name":"ua_vfx_a_01_add","rect":[1,1,325,825],"offset":[0,0],"originalSize":[325,825],"capInsets":[0,0,0,0]}],[0],0,[0],[2],[1]],[[{"name":"bg_infoglow_a_add","rect":[1352,291,540,360],"offset":[0,0],"originalSize":[540,360],"rotated":1,"capInsets":[0,0,0,0]}],[0],0,[0],[2],[1]],[[{"name":"fs_vfx_c_screen","rect":[1,769,713,507],"offset":[0,0],"originalSize":[713,507],"capInsets":[0,0,0,0]}],[0],0,[0],[2],[9]],[[{"name":"bg_logo_vfx_b_add","rect":[645,804,46,132],"offset":[0,0],"originalSize":[46,132],"capInsets":[0,0,0,0]}],[0],0,[0],[2],[1]],[[[10,"foreground_effect_controller"],[11,"foreground_effect_controller",[-17,-18,-19,-20,-21,-22,-23,-24,-25,-26,-27,-28,-29],[[[13,-15,-14,[-12,-13],[-10,-11],[-7,-8,-9],[31,32,33],[34,35,36],-6,[-2,-3,-4,-5]],-16],4,1],[14,-1,0]],[12,"fs_vfx_d_holder",1,[-30,-31,-32,-33],[0,"6dx8E84/VKs59nEOPaN4Ol",1,0]],[4,"fs_vfx_c_screen",1,[[6,1,769,2,false,-34,[0],1]],[0,"054rvjPmlGYJPRo4DehM74",1,0],[4,4278190080],[5,713,507],[-4,835,0,0,0,0,1,1.45,1.6,1]],[3,"fs_vfx_d_add_left_1",0,2,[[1,1,2,false,-35,[13],14]],[0,"72aS4m0qFM5IpzfZrHceZ8",1,0],[5,288,975],[0,0.5,0.9],[-600,630,0,0,0,0.3826834323650898,0.9238795325112867,1.6,1.43,1.6],[1,0,0,45]],[3,"fs_vfx_d_add_left_2",0,2,[[1,1,2,false,-36,[15],16]],[0,"41dOIEuKdNfINKvuGpHMFQ",1,0],[5,288,975],[0,0.5,0.9],[-600,630,0,0,0,0.3826834323650898,0.9238795325112867,1.6,1.43,1.6],[1,0,0,45]],[3,"fs_vfx_d_add_right_1",0,2,[[1,1,2,false,-37,[17],18]],[0,"51ATYCyZ5PN7uSnE7yA1NZ",1,0],[5,288,975],[0,0.5,0.9],[600,630,0,0,0,-0.3826834323650898,0.9238795325112867,1.6,1.43,1.6],[1,0,0,-45]],[3,"fs_vfx_d_add_right_2",0,2,[[1,1,2,false,-38,[19],20]],[0,"damtJ7W6JNmYur6W95ACwS",1,0],[5,288,975],[0,0.5,0.9],[600,630,0,0,0,-0.3826834323650898,0.9238795325112867,1.6,1.43,1.6],[1,0,0,-45]],[2,"bg_logo_vfx_a_add",0,1,[[1,1,2,false,-39,[21],22]],[0,"f7Kw9iUc1Gf4SwomIfwnMX",1,0],[5,106,105],[9,890,0,0,0,0,1,2.1,2.1,1]],[2,"bg_logo_vfx_b_add",0,1,[[1,1,2,false,-40,[23],24]],[0,"a056iOi4FEjqkQvBMfo9+m",1,0],[5,46,132],[-519,607,0,0,0,0,1,2.1,2.1,1]],[2,"bg_logo_vfx_c_add",0,1,[[1,1,2,false,-41,[25],26]],[0,"86ncQjRghBb5tIVJoBYPNA",1,0],[5,48,132],[516,605,0,0,0,0,1,2.1,2.1,1]],[2,"bg_infoglow_a_add",0,1,[[1,1,2,false,-42,[27],28]],[0,"e4IBFTuIJC/I3aJD9qUAYV",1,0],[5,540,360],[0,5,0,0,0,0,1,2.6,2.6,1]],[4,"ua_vfx_b_add_left",1,[[6,1,769,2,false,-43,[2],3]],[0,"3anqwZpR5GSLmeXi00ZmMM",1,0],[4,4278190080],[5,98,279],[-495,600,0,0,0,0,1,1.43,1.43,1]],[4,"ua_vfx_b_add_right",1,[[6,1,769,2,false,-44,[4],5]],[0,"89r9Vqo9VBFoVLVPF3suuu",1,0],[4,4278190080],[5,98,279],[495,600,0,0,0,0,1,-1.43,1.43,1]],[5,"ua_vfx_a_01_add",0,1,[-45],[0,"acVbtyq+tKo6HGmMy5JXbl",1,0],[5,337,801],[0,98,0,0,0,0,1,1.55,1.55,1]],[7,1,2,false,14,[6]],[5,"ua_vfx_a_02_add_right",0,1,[-46],[0,"2fVds6wFxGpIJGJPpGFxkb",1,0],[5,338,641],[305,98,0,0,0,0,1,1.55,1.55,1]],[7,1,2,false,16,[7]],[5,"ua_vfx_a_02_add_left",0,1,[-47],[0,"76blhsostElqctIEojoP17",1,0],[5,338,641],[-305,98,0,0,0,0,1,1.55,1.55,1]],[7,1,2,false,18,[8]],[2,"ua_vfx_a_03_add_left",0,1,[[1,1,2,false,-48,[9],10]],[0,"68gx95qfFNwqRsvs70on0c",1,0],[5,109,592],[-513,115,0,0,0,0,1,1.43,1.43,1]],[2,"ua_vfx_a_03_add_right",0,1,[[1,1,2,false,-49,[11],12]],[0,"659CCGrkhIEYemXauz49Vd",1,0],[5,109,592],[506,115,0,0,0,0,1,-1.43,1.43,1]],[15,1,[29,30]]],0,[0,3,1,0,-1,8,0,-2,9,0,-3,10,0,-4,11,0,4,3,0,-1,15,0,-2,17,0,-3,19,0,-1,6,0,-2,7,0,-1,4,0,-2,5,0,5,22,0,1,1,0,-2,22,0,-1,3,0,-2,12,0,-3,13,0,-4,14,0,-5,16,0,-6,18,0,-7,20,0,-8,21,0,-9,2,0,-10,8,0,-11,9,0,-12,10,0,-13,11,0,-1,4,0,-2,5,0,-3,6,0,-4,7,0,1,3,0,1,4,0,1,5,0,1,6,0,1,7,0,1,8,0,1,9,0,1,10,0,1,11,0,1,12,0,1,13,0,-1,15,0,-1,17,0,-1,19,0,1,20,0,1,21,0,6,1,49],[0,0,0,0,0,0,0,0,0,0,0,0,0,0,0,0,0,0,0,0,0,0,0,0,0,0,0,0,0,0,0,0,0,0,0,0,0,15,17,19,22],[-1,0,-1,0,-1,0,-1,-1,-1,-1,0,-1,0,-1,0,-1,0,-1,0,-1,0,-1,0,-1,0,-1,0,-1,0,-1,-2,-1,-2,-3,-1,-2,-3,0,0,0,7],[0,10,0,4,0,4,0,0,0,0,5,0,5,0,2,0,2,0,2,0,2,0,11,0,12,0,13,0,14,6,15,16,7,7,8,3,3,8,3,3,6]],[[{"name":"bg_logo_vfx_a_add","rect":[1352,833,106,105],"offset":[0,0],"originalSize":[106,105],"capInsets":[0,0,0,0]}],[0],0,[0],[2],[1]],[[{"name":"bg_logo_vfx_c_add","rect":[595,804,48,132],"offset":[0,0],"originalSize":[48,132],"capInsets":[0,0,0,0]}],[0],0,[0],[2],[1]],[[{"name":"ua_vfx_a_03_add","rect":[1,828,109,592],"offset":[0,0],"originalSize":[109,592],"rotated":1,"capInsets":[0,0,0,0]}],[0],0,[0],[2],[1]],[[{"name":"fs_vfx_a_01_add","rect":[328,1,337,801],"offset":[0,0],"originalSize":[337,801],"capInsets":[0,0,0,0]}],[0],0,[0],[2],[1]],[[{"name":"ua_vfx_b_add","rect":[1460,833,98,279],"offset":[0,0],"originalSize":[98,279],"rotated":1,"capInsets":[0,0,0,0]}],[0],0,[0],[2],[1]],[[{"name":"fs_vfx_a_02_add","rect":[693,291,338,641],"offset":[0,0],"originalSize":[338,641],"capInsets":[0,0,0,0]}],[0],0,[0],[2],[1]]]]