[1,["90vjD6jO5L+4UalZKlyab0","b9YoWYjzFE4IkoZVFNekV1","dcOpUh9pVN+a3D1Ui8Ii4G","ecpdLyjvZBwrvm+cedCcQy","be1D3WUV1DHpu7MRxRPvd2","ea/cWDxYhEJYI8kZhbL59A","3bj26V0OJJo6oPKdHZ9Ius","feMYdKcWZBYILfMciYHH4k","95JWu0B+hMb7Q2N+HM9FDb","d1dEqCDIlH5ra3vmkyACBf","6bm5CiKI5IKLmv0HeigHIi","82OjtbuXZLEbgg8d/zT5Ne","0c+MKnvhRKeqwNx5wqVf8K","721JKSjGZDlbjr8YKtMl40","eadceO2qdL+Y/e6cxmyTzZ","a2QH842LNCdITwijW7o4sh","48Qc+XLwFKZp87x8MiyWRS","23+dQr+ChPbrkh0tWQRDnr","fdr+DDokJOZ7nOqSlCnuCn","580+TqeUNJjoLHONSY9oxQ","62dejbb9RFw6227ew0AMR/","d4mxmSXc5DU6t5Nm0d+9Tm","d6kcOZfiNIqq8Gi9HTy8g1","b0T7W5HktEkoWeFEh4hwwQ","50SjNlV+BNcqtAbvk2FCn4","95PluXa9xFebGjq4gjTmRT","6bSGbfo11PFa3kNF0m5MsX","91AAmpvj5FpbydCS4HMZ9m","df+59h+u1B4I1OH4UjexK0","1eNMYFlPxDY7XjDHeWcMOZ","92adP9yUhJY4qfsyemAD7B","52YQPZnHZMSYS3ZrXbtpNG","97rMkOnlZHbZU1XARIu3r3","54NvTS+B1AqKzBMHVWRMoz","d3IGQHEqtD0L3+J371QJXH","70qIWH/3JFiLg/kABZY86J","17GYw4XQhGpZYXkfECCxwL","7eXr/snUdGdICnSPVXEK6m","a1IMWAIs5Gtrbe5pS54rHR","acqt9uiGRIcpx+zDUiHnOk","49c0AttJJEBqrYhODuRNaH","8fsrEZkQhMh5c3KDhofJEK","260hihx5FNBJHM/E7XlyF9","37GGpbtg1ErLyFEtMYa2wA","382MNdnypDqIr1v4QqOM5t","8aoTjbYHlBz6wN76Zbx0qp","8fdB0JFNRJwa+e7XzxAdNG","a9/y+tB1lLyr9H/QzTvgO1","11nEahfYJL856KRXUnTMWn","ac4A3KkfFGi4yDEKvg7C8x","09g9qPnupBaalxU6kz5FHp","17h+u4DGBNYbBVNGsOU6Fd","7bSoV68UlGMI3sza/2dVFb","da0F+nzcxPHI0Pnx9BlDKB","4dlUR1jqdL0puvW3jNf+r6","80zDKJxM5CS7T1L39U+k2/","beWLMR/1hEzIs3jja+0F2A","c23V6PdV1I7JMmbM08d6M/","916ihweldBaJg8uhhYluPW","5ayCByXxBDfJzub6HST4NK","67CeKYSWVF2orFBV1BT26j","1fpMrHzLxF159qf1V5Hdky","330loY/DFIc4tfS5b6ceU1","08PseHTchPFodxRigO/JUs","262WQh+QRDLKz6cHOfEMYL","54Q9WkzS5Jk4iTM8zydnWD","b020/qvRNPTpgX5a1ifEn0","d6d5i0zJpJIZ2liCVBA/Vv","abXu/ThatNwL/9RbhiqT41","ddFlhTdA1BmYlhVZak7BCU","b2VaviOHtAvqGIcui0Jon1","7bLSNxBKRAfY7iz4TAL9lu","27q0Wd/jZO1KILgWnWlSXW","04gde1+CdLPr0/scsjyaYn","72wOUvkbtKArC6Bcx7WsK7","224M1CQ9RPCIPju0hW/J2F","f3NrrkExlMMp+x6Boc90pM","3eFMOhmvZLwZRTl19RCJeE","cb2wqO7wRO6LeOzW6mXQVv","ebfmhm6c5KyIwsTGLNW7jX","05KXpptB5O65wEn794cW+4","1fegDEvd1P3IebBK9Alj+p","31p2jHcvtPC41UytwseayR","39cgu+0n5A449WsOAxlWZm","4a06uu5zdPU5heWHYjZJ6w","1btApXwwFKlKhm2jcpwmKa","edOZ/RBDNBoYeiGsSzXDlZ","40s1JKbcdOlYAZrleauYXs","bfu+eXS7RBxZXjSJSuopKq","14ifvW9YtMIabNHYjSaETJ","acIgIN3vlIRbU7lYhNPDhl","45gcketHpGFpWST91XEyrh","02bM3VvW9DjpOxq3zkHJ/H","651wedWDlBpoCrad02u67e","2b9xlgOrxOmqHIcr4eBCpz","02S3CdnXdEyI/cy+/Wl2Nv"],["_textureSetter","value","node","_spriteFrame","_parent","root","mouseOverAnim","spinBtnAnim","autoSpinNumNode","autoSpinNode","spinArrowSprite","spinBtnArrowNode","spinBtnUIHolder","numberContainer","data","normalArrowSF","blurNormalArrowSF","greyArrowSF","blurGreyArrowSF"],["cc.SpriteFrame",["cc.Node",["_name","_active","_opacity","_components","_prefab","_contentSize","_parent","_trs","_children","_anchorPoint","_color"],0,9,4,5,1,7,2,5,5],["cc.Sprite",["_sizeMode","_isTrimmedMode","_dstBlendFactor","_srcBlendFactor","node","_materials","_spriteFrame"],-1,1,3,6],["cc.AnimationClip",["_name","_duration","sample","wrapMode","curveData"],-1,11],["cc.Node",["_name","_children","_prefab","_components","_contentSize","_parent"],2,2,4,12,5,1],["cc.PrefabInfo",["fileId","root","asset"],2,1,1],["cc.Prefab",["_name"],2],["cc.Node",["_name","_parent","_children","_components","_prefab","_contentSize","_trs"],2,1,2,2,4,5,7],["a3bd5TqsHxPHovgp54cFvnC",["node","spinBtnUIHolder","spinBtnArrowNode","spinArrowSprite","autoSpinNode","autoSpinNumNode","spinBtnAnim","mouseOverAnim","autoSpinHiddenNode","normalArrowSF","blurNormalArrowSF","greyArrowSF","blurGreyArrowSF"],3,1,1,1,1,1,1,1,1,2,6,6,6,6],["e13cc9FLShL66GevrFVSv5p",["maxContainerSize","enableComma","enableDecimal","nodeNumberWidth","nodeNumberScale","commaWidth","commaScale","decimalWidth","decimalScale","decimalNumberWidth","decimalNumberScale","multiplySpriteWidth","multiplySpriteScale","blurScale","node","numberContainer","numberSprite"],-11,1,1,3],["cc.Animation",["node","_clips"],3,1,3]],[[5,0,1,2,2],[1,0,6,3,4,5,7,2],[2,0,1,4,5,6,3],[2,3,2,0,1,4,5,6,5],[3,0,1,2,3,4,5],[4,0,5,1,2,2],[1,0,6,3,4,5,9,7,2],[1,0,6,3,4,5,2],[2,2,0,1,4,5,4],[2,2,0,1,4,5,6,4],[3,0,1,2,4,4],[6,0,2],[4,0,1,3,2,4,2],[1,0,1,8,3,4,5,7,3],[1,0,1,3,4,5,3],[1,0,6,3,4,10,5,7,2],[1,0,2,6,3,4,5,7,3],[1,0,2,6,3,4,5,3],[7,0,1,2,3,4,5,6,2],[8,0,1,2,3,4,5,6,7,8,9,10,11,12,1],[5,1,2,1],[2,3,2,0,1,4,5,5],[2,0,1,4,5,3],[9,0,1,2,3,4,5,6,7,8,9,10,11,12,13,14,15,16,15],[10,0,1,1]],[[[[4,"auto_spin_button_mouse_hover",1.1111111111111112,18,2,[{},"paths",11,[{},"auto_spin_holder/auto_spin_sprite/mh_auto_vfx_b_screen",11,[{},"comps",11,[{},"cc.Sprite",11,[{},"spriteFrame",12,[[[{"frame":0},"value",6,0],[{"frame":0.05555555555555555},"value",6,1],[{"frame":0.1111111111111111},"value",6,2],[{"frame":0.16666666666666666},"value",6,3],[{"frame":0.2222222222222222},"value",6,4],[{"frame":0.2777777777777778},"value",6,5],[{"frame":0.3333333333333333},"value",6,6],[{"frame":0.3888888888888889},"value",6,7],[{"frame":0.4444444444444444},"value",6,8],[{"frame":0.5},"value",6,9],[{"frame":0.5555555555555556},"value",6,10],[{"frame":0.6111111111111112},"value",6,11],[{"frame":0.6666666666666666},"value",6,12],[{"frame":0.7222222222222222},"value",6,13],[{"frame":0.7777777777777778},"value",6,14],[{"frame":0.8333333333333334},"value",6,15],[{"frame":0.8888888888888888},"value",6,16],[{"frame":0.9444444444444444},"value",6,17]],11,11,11,11,11,11,11,11,11,11,11,11,11,11,11,11,11,11]]]],"auto_spin_holder/auto_spin_sprite/mh_auto_vfx_a_screen",11,[{},"props",11,[{},"scale",12,[[[{"frame":0,"curve":"cubicOut"},"value",8,[0,1,1]],[{"frame":1.1111111111111112},"value",8,[0,1.6,1.6]]],11,11],"color",12,[[[{"frame":0},"value",8,[4,4278190080]],[{"frame":0.2777777777777778},"value",8,[4,4286611584]],[{"frame":0.5555555555555556},"value",8,[4,4286611584]],[{"frame":1},"value",8,[4,4278190080]]],11,11,11,11]]]]]]],0,0,[0,0,0,0,0,0,0,0,0,0,0,0,0,0,0,0,0,0],[1,1,1,1,1,1,1,1,1,1,1,1,1,1,1,1,1,1],[7,9,10,11,12,13,14,15,16,17,18,19,20,21,22,23,24,25]],[[{"name":"sb_arrow_grey_blur","rect":[497,124,113,121],"offset":[0,0],"originalSize":[161,161],"capInsets":[0,0,0,0]}],[0],0,[0],[0],[5]],[[{"name":"sb_button_ear_right","rect":[293,169,83,114],"offset":[0,0],"originalSize":[83,114],"rotated":1,"capInsets":[0,0,0,0]}],[0],0,[0],[0],[5]],[[{"name":"sb_vfx_b_add_05","rect":[700,805,258,259],"offset":[0,0],"originalSize":[356,335],"capInsets":[0,0,0,0]}],[0],0,[0],[0],[4]],[[{"name":"sb_vfx_a_add_06","rect":[556,709,274,335],"offset":[5,-3],"originalSize":[440,419],"rotated":1,"capInsets":[0,0,0,0]}],[0],0,[0],[0],[2]],[[{"name":"mh_auto_vfx_b_screen_04","rect":[634,1,209,197],"offset":[0,0],"originalSize":[209,197],"capInsets":[0,0,0,0]}],[0],0,[0],[0],[0]],[[{"name":"sb_vfx_a_add_04","rect":[893,1,228,311],"offset":[8,-13],"originalSize":[440,419],"capInsets":[0,0,0,0]}],[0],0,[0],[0],[2]],[[{"name":"mh_spin_vfx_b_screen_10","rect":[1,200,209,197],"offset":[0,0],"originalSize":[209,197],"capInsets":[0,0,0,0]}],[0],0,[0],[0],[1]],[[{"name":"sb_vfx_a_add_07","rect":[321,362,290,345],"offset":[3,-9],"originalSize":[440,419],"capInsets":[0,0,0,0]}],[0],0,[0],[0],[2]],[[{"name":"mh_spin_vfx_b_screen_03","rect":[423,1,209,197],"offset":[0,0],"originalSize":[209,197],"capInsets":[0,0,0,0]}],[0],0,[0],[0],[1]],[[{"name":"sb_vfx_b_add_03","rect":[249,844,246,247],"offset":[0,0],"originalSize":[356,335],"capInsets":[0,0,0,0]}],[0],0,[0],[0],[4]],[[{"name":"mh_spin_vfx_a_screen","rect":[638,1,161,162],"offset":[0,0],"originalSize":[161,162],"capInsets":[0,0,0,0]}],[0],0,[0],[0],[6]],[[{"name":"mh_auto_vfx_b_screen_09","rect":[1689,1,209,197],"offset":[0,0],"originalSize":[209,197],"rotated":1,"capInsets":[0,0,0,0]}],[0],0,[0],[0],[0]],[[{"name":"mh_spin_vfx_b_screen_16","rect":[1267,200,209,197],"offset":[0,0],"originalSize":[209,197],"capInsets":[0,0,0,0]}],[0],0,[0],[0],[1]],[[{"name":"sb_vfx_b_add_06","rect":[281,283,270,271],"offset":[0,0],"originalSize":[356,335],"capInsets":[0,0,0,0]}],[0],0,[0],[0],[4]],[[{"name":"sb_button_ear_left","rect":[177,169,83,114],"offset":[0,0],"originalSize":[83,114],"rotated":1,"capInsets":[0,0,0,0]}],[0],0,[0],[0],[5]],[[[4,"spin_button_mouse_hover",1.1111111111111112,18,2,[{},"paths",11,[{},"arrow_holder/mh_spin_vfx_b_screen",11,[{},"comps",11,[{},"cc.Sprite",11,[{},"spriteFrame",12,[[[{"frame":0},"value",6,0],[{"frame":0.05555555555555555},"value",6,1],[{"frame":0.1111111111111111},"value",6,2],[{"frame":0.16666666666666666},"value",6,3],[{"frame":0.2222222222222222},"value",6,4],[{"frame":0.2777777777777778},"value",6,5],[{"frame":0.3333333333333333},"value",6,6],[{"frame":0.3888888888888889},"value",6,7],[{"frame":0.4444444444444444},"value",6,8],[{"frame":0.5},"value",6,9],[{"frame":0.5555555555555556},"value",6,10],[{"frame":0.6111111111111112},"value",6,11],[{"frame":0.6666666666666666},"value",6,12],[{"frame":0.7222222222222222},"value",6,13],[{"frame":0.7777777777777778},"value",6,14],[{"frame":0.8333333333333334},"value",6,15],[{"frame":0.8888888888888888},"value",6,16],[{"frame":0.9444444444444444},"value",6,17]],11,11,11,11,11,11,11,11,11,11,11,11,11,11,11,11,11,11]]]],"arrow_holder/mh_spin_vfx_a_screen",11,[{},"props",11,[{},"scale",12,[[[{"frame":0,"curve":"cubicOut"},"value",8,[0,1.43,1.43]],[{"frame":1.1111111111111112},"value",8,[0,2.3,2.3]]],11,11],"color",12,[[[{"frame":0},"value",8,[4,4278190080]],[{"frame":0.2777777777777778},"value",8,[4,4286611584]],[{"frame":0.5555555555555556},"value",8,[4,4286611584]],[{"frame":1},"value",8,[4,4278190080]]],11,11,11,11]]]]]]],0,0,[0,0,0,0,0,0,0,0,0,0,0,0,0,0,0,0,0,0],[1,1,1,1,1,1,1,1,1,1,1,1,1,1,1,1,1,1],[26,27,28,29,30,31,32,33,34,35,36,37,38,39,40,41,42,43]],[[{"name":"sb_vfx_b_add_04","rect":[561,544,258,259],"offset":[0,0],"originalSize":[356,335],"capInsets":[0,0,0,0]}],[0],0,[0],[0],[4]],[[{"name":"mh_spin_vfx_b_screen_17","rect":[1478,200,209,197],"offset":[0,0],"originalSize":[209,197],"capInsets":[0,0,0,0]}],[0],0,[0],[0],[1]],[[{"name":"sb_vfx_a_add_00","rect":[931,559,126,161],"offset":[5,8],"originalSize":[440,419],"rotated":1,"capInsets":[0,0,0,0]}],[0],0,[0],[0],[2]],[[{"name":"sb_vfx_c_add","rect":[352,1,284,284],"offset":[0,0],"originalSize":[284,284],"capInsets":[0,0,0,0]}],[0],0,[0],[0],[6]],[[{"name":"sb_arrow_grey","rect":[612,124,109,121],"offset":[0,0],"originalSize":[161,161],"capInsets":[0,0,0,0]}],[0],0,[0],[0],[5]],[[{"name":"mh_auto_vfx_b_screen_08","rect":[1478,1,209,197],"offset":[0,0],"originalSize":[209,197],"capInsets":[0,0,0,0]}],[0],0,[0],[0],[0]],[[{"name":"mh_spin_vfx_b_screen_14","rect":[845,200,209,197],"offset":[0,0],"originalSize":[209,197],"capInsets":[0,0,0,0]}],[0],0,[0],[0],[1]],[[{"name":"sb_vfx_a_add_10","rect":[1,380,318,373],"offset":[-5,-11],"originalSize":[440,419],"capInsets":[0,0,0,0]}],[0],0,[0],[0],[2]],[[{"name":"mh_auto_vfx_b_screen_16","rect":[1267,200,209,197],"offset":[0,0],"originalSize":[209,197],"capInsets":[0,0,0,0]}],[0],0,[0],[0],[0]],[[{"name":"mh_spin_vfx_b_screen_05","rect":[845,1,209,197],"offset":[0,0],"originalSize":[209,197],"capInsets":[0,0,0,0]}],[0],0,[0],[0],[1]],[[{"name":"mh_spin_vfx_b_screen_07","rect":[1267,1,209,197],"offset":[0,0],"originalSize":[209,197],"capInsets":[0,0,0,0]}],[0],0,[0],[0],[1]],[[{"name":"sb_vfx_b_add_07","rect":[1,564,278,277],"offset":[0,0],"originalSize":[356,335],"rotated":1,"capInsets":[0,0,0,0]}],[0],0,[0],[0],[4]],[[{"name":"mh_auto_vfx_b_screen_11","rect":[212,200,209,197],"offset":[0,0],"originalSize":[209,197],"capInsets":[0,0,0,0]}],[0],0,[0],[0],[0]],[[{"name":"sb_vfx_b_add_01","rect":[1,844,246,247],"offset":[0,0],"originalSize":[356,335],"capInsets":[0,0,0,0]}],[0],0,[0],[0],[4]],[[{"name":"mh_auto_vfx_b_screen_12","rect":[423,200,209,197],"offset":[0,0],"originalSize":[209,197],"capInsets":[0,0,0,0]}],[0],0,[0],[0],[0]],[[[10,"spin_button_pressed",0.95,20,[{},"paths",11,[{"arrow_holder/sb_vfx_d_add":{"props":{"opacity":[{"frame":0.05,"value":0},{"frame":0.2,"value":255},{"frame":0.5,"value":255},{"frame":0.75,"value":0}]}},"arrow_holder/arrow_sprite/sb_vfx_c_add":{"props":{"opacity":[{"frame":0.15,"value":0},{"frame":0.3,"value":255},{"frame":0.7,"value":255},{"frame":0.95,"value":0}]}},"arrow_holder/sb_button_ear_left":{"props":{"angle":[{"frame":0,"value":0},{"frame":0.2,"value":-20},{"frame":0.6,"value":0}]}},"arrow_holder/sb_button_ear_right":{"props":{"angle":[{"frame":0,"value":0},{"frame":0.2,"value":20},{"frame":0.6,"value":0}]}}},"sb_vfx_a_add",11,[{},"comps",11,[{},"cc.Sprite",11,[{},"spriteFrame",12,[[[{"frame":0},"value",6,0],[{"frame":0.05},"value",6,1],[{"frame":0.1},"value",6,2],[{"frame":0.15},"value",6,3],[{"frame":0.2},"value",6,4],[{"frame":0.25},"value",6,5],[{"frame":0.3},"value",6,6],[{"frame":0.35},"value",6,7],[{"frame":0.4},"value",6,8],[{"frame":0.45},"value",6,9],[{"frame":0.5},"value",6,10],[{"frame":0.55},"value",6,11],[{"frame":0.6},"value",6,12],[{"frame":0.65},"value",6,13],{"frame":0.7,"value":null}],11,11,11,11,11,11,11,11,11,11,11,11,11,11,0]]]],"arrow_holder",11,[{},"props",11,[{},"scale",12,[[[{"frame":0},"value",8,[0,1,1]],[{"frame":0.1},"value",8,[0,0.9,0.9]],[{"frame":0.4},"value",8,[0,1,1]]],11,11,11]]],"sb_vfx_b_add",11,[{},"comps",11,[{},"cc.Sprite",11,[{},"spriteFrame",12,[[[{"frame":0},"value",6,14],[{"frame":0.05},"value",6,15],[{"frame":0.1},"value",6,16],[{"frame":0.15},"value",6,17],[{"frame":0.2},"value",6,18],[{"frame":0.25},"value",6,19],[{"frame":0.3},"value",6,20],[{"frame":0.35},"value",6,21],[{"frame":0.4},"value",6,22],[{"frame":0.45},"value",6,23],[{"frame":0.5},"value",6,24],[{"frame":0.55},"value",6,25],[{"frame":0.6},"value",6,26],{"frame":0.65,"value":null}],11,11,11,11,11,11,11,11,11,11,11,11,11,0]]]]]]]],0,0,[0,0,0,0,0,0,0,0,0,0,0,0,0,0,0,0,0,0,0,0,0,0,0,0,0,0,0],[1,1,1,1,1,1,1,1,1,1,1,1,1,1,1,1,1,1,1,1,1,1,1,1,1,1,1],[44,45,46,47,48,49,50,51,52,53,54,55,56,57,58,59,60,61,62,63,64,65,66,67,68,69,70]],[[{"name":"sb_vfx_b_add_02","rect":[553,283,258,259],"offset":[0,0],"originalSize":[356,335],"capInsets":[0,0,0,0]}],[0],0,[0],[0],[4]],[[{"name":"mh_spin_vfx_b_screen_00","rect":[1689,212,3,3],"offset":[-103,97],"originalSize":[209,197],"capInsets":[0,0,0,0]}],[0],0,[0],[0],[1]],[[{"name":"mh_auto_vfx_b_screen_02","rect":[212,1,209,197],"offset":[0,0],"originalSize":[209,197],"capInsets":[0,0,0,0]}],[0],0,[0],[0],[0]],[[[11,"spin_button_controller"],[12,"spin_button_controller",[-15,-16,-17,-18],[[[19,-13,-12,-11,-10,-9,-8,-7,-6,[-2,-3,-4,-5],34,35,36,37],-14],4,1],[20,-1,0],[5,245,245]],[5,"arrow_holder",1,[-19,-20,-21,-22,-23,-24,-25,-26],[0,"9ex58QT5VKH5YXBeOkqady",1,0]],[13,"auto_spin_sprite",false,[-28,-29],[[2,2,false,-27,[22],23]],[0,"a2+fBWdp5Bwa/Kw5RyNbXt",1,0],[5,280,280],[0,0,0,0,0,0,1,1.43,1.43,1]],[18,"arrow_sprite",2,[-31],[-30],[0,"ceOh591IlJxZYhtQvJcTPO",1,0],[5,161,161],[0,0,0,0,0,0,1,1.43,1.43,1]],[14,"auto_spin_label",false,[[23,150,false,false,70,2,0,0,0,0,0,0,0,0,0,-33,-32,[24,25,26,27,28,29,30,31,32,33]]],[0,"78OuwXZPJLhJ1w3mGm2FYs",1,0],[5,150,150]],[1,"sb_button_b",2,[[2,2,false,-34,[2],3]],[0,"4cACGxmi1IAqxaIha17tTh",1,0],[5,280,280],[0,0,0,0,0,0,1,1.43,1.43,1.43]],[6,"sb_button_ear_left",2,[[2,2,false,-35,[4],5]],[0,"56KES+kSRELaQLYY+O0hgM",1,0],[5,83,114],[0,0.8,0.6],[-107,13,0,0,0,0,1,1.43,1.43,1]],[6,"sb_button_ear_right",2,[[2,2,false,-36,[6],7]],[0,"e1FUaIR5RKM6TXQSVQCVdu",1,0],[5,83,114],[0,0.2,0.6],[107,13,0,0,0,0,1,1.43,1.43,1]],[1,"base_sprite",2,[[2,2,false,-37,[8],9]],[0,"92FfvYJrpLdo76vmL2XHv3",1,0],[5,280,280],[0,0,0,0,0,0,1,1.43,1.43,1]],[5,"auto_spin_holder",1,[3,5],[0,"d0M7s/lyZDyLqhbNEIbQQk",1,0]],[24,1,[38,39,40]],[1,"sb_vfx_a_add",1,[[8,1,2,false,-38,[0]]],[0,"e5G6euAPxEpIYxP8x7C1oO",1,0],[5,440,419],[0,0,0,0,0,0,1,1.43,1.43,1]],[1,"sb_vfx_b_add",1,[[8,1,2,false,-39,[1]]],[0,"85hCVbi25MJ4VJJ+VDwBcw",1,0],[5,356,335],[0,0,0,0,0,0,1,1.43,1.43,1]],[1,"mh_spin_vfx_b_screen",2,[[21,1,769,2,false,-40,[10]]],[0,"8ck5i7yGNCHY0SDcbvDzod",1,0],[5,209,197],[3,2,0,0,0,0,1,1.4,1.4,1]],[15,"mh_spin_vfx_a_screen",2,[[3,1,769,2,false,-41,[11],12]],[0,"f3mRebpIxGppVb5TH/O9bs",1,0],[4,4278190080],[5,161,162],[0,0,0,0,0,0,1,1.43,1.43,1]],[16,"sb_vfx_d_add",0,2,[[9,1,2,false,-42,[13],14]],[0,"a29HNsRFdGT4wmrv2ZORum",1,0],[5,349,349],[0,0,0,0,0,0,1,1.43,1.43,1]],[17,"sb_vfx_c_add",0,4,[[9,1,2,false,-43,[15],16]],[0,"0cZ0HG7+1KtrHKw+NM/BIH",1,0],[5,284,284]],[22,2,false,4,[17]],[7,"mh_auto_vfx_b_screen",3,[[3,1,769,2,false,-44,[18],19]],[0,"ecZwZebz9KwKPFvP2IrbFO",1,0],[5,209,197]],[7,"mh_auto_vfx_a_screen",3,[[3,1,769,2,false,-45,[20],21]],[0,"a5iKxbqfZA/qQf2c3jrwfl",1,0],[5,138,137]]],0,[0,5,1,0,-1,6,0,-2,7,0,-3,8,0,-4,9,0,6,11,0,7,11,0,8,5,0,9,3,0,10,18,0,11,4,0,12,1,0,2,1,0,-2,11,0,-1,12,0,-2,13,0,-3,2,0,-4,10,0,-1,6,0,-2,7,0,-3,8,0,-4,9,0,-5,14,0,-6,15,0,-7,16,0,-8,4,0,2,3,0,-1,19,0,-2,20,0,-1,18,0,-1,17,0,13,5,0,2,5,0,2,6,0,2,7,0,2,8,0,2,9,0,2,12,0,2,13,0,2,14,0,2,15,0,2,16,0,2,17,0,2,19,0,2,20,0,14,1,3,4,10,5,4,10,45],[0,0,0,0,0,0,0,0,0,0,0,0,0,0,0,0,0,0,0,0,0,0,0,0,0,0,0,0,0,0,0,0,0,0,0,0,0,0,0,0,0,18],[-1,-1,-1,3,-1,3,-1,3,-1,3,-1,-1,3,-1,3,-1,3,-1,-1,3,-1,3,-1,3,-1,-2,-3,-4,-5,-6,-7,-8,-9,-10,15,16,17,18,-1,-2,-3,3],[3,3,3,71,3,72,3,73,3,74,3,3,75,3,76,3,77,3,3,7,3,78,3,79,80,81,82,83,84,85,86,87,88,89,8,90,91,92,93,94,95,8]],[[{"name":"mh_spin_vfx_b_screen_09","rect":[1689,1,209,197],"offset":[0,0],"originalSize":[209,197],"rotated":1,"capInsets":[0,0,0,0]}],[0],0,[0],[0],[1]],[[{"name":"sb_button_a","rect":[343,1,152,152],"offset":[-1,1],"originalSize":[280,280],"capInsets":[0,0,0,0]}],[0],0,[0],[0],[5]],[[{"name":"mh_auto_vfx_b_screen_05","rect":[845,1,209,197],"offset":[0,0],"originalSize":[209,197],"capInsets":[0,0,0,0]}],[0],0,[0],[0],[0]],[[{"name":"sb_button_b","rect":[1,1,174,178],"offset":[-2,1],"originalSize":[280,280],"capInsets":[0,0,0,0]}],[0],0,[0],[0],[5]],[[{"name":"sb_vfx_a_add_08","rect":[613,362,316,341],"offset":[3,2],"originalSize":[440,419],"capInsets":[0,0,0,0]}],[0],0,[0],[0],[2]],[[{"name":"mh_spin_vfx_b_screen_11","rect":[212,200,209,197],"offset":[0,0],"originalSize":[209,197],"capInsets":[0,0,0,0]}],[0],0,[0],[0],[1]],[[{"name":"sb_vfx_a_add_11","rect":[1,1,302,377],"offset":[-16,-21],"originalSize":[440,419],"capInsets":[0,0,0,0]}],[0],0,[0],[0],[2]],[[{"name":"mh_auto_vfx_b_screen_03","rect":[423,1,209,197],"offset":[0,0],"originalSize":[209,197],"capInsets":[0,0,0,0]}],[0],0,[0],[0],[0]],[[{"name":"sb_vfx_a_add_01","rect":[893,705,170,219],"offset":[4,2],"originalSize":[440,419],"rotated":1,"capInsets":[0,0,0,0]}],[0],0,[0],[0],[2]],[[{"name":"sb_vfx_a_add_02","rect":[931,314,190,243],"offset":[3,-3],"originalSize":[440,419],"capInsets":[0,0,0,0]}],[0],0,[0],[0],[2]],[[{"name":"mh_spin_vfx_b_screen_15","rect":[1056,200,209,197],"offset":[0,0],"originalSize":[209,197],"capInsets":[0,0,0,0]}],[0],0,[0],[0],[1]],[[{"name":"mh_spin_vfx_b_screen_01","rect":[1,1,209,197],"offset":[0,0],"originalSize":[209,197],"capInsets":[0,0,0,0]}],[0],0,[0],[0],[1]],[[{"name":"sb_vfx_b_add_00","rect":[497,840,202,201],"offset":[0,0],"originalSize":[356,335],"rotated":1,"capInsets":[0,0,0,0]}],[0],0,[0],[0],[4]],[[{"name":"mh_spin_vfx_b_screen_04","rect":[634,1,209,197],"offset":[0,0],"originalSize":[209,197],"capInsets":[0,0,0,0]}],[0],0,[0],[0],[1]],[[{"name":"sb_arrow","rect":[612,1,109,121],"offset":[0,0],"originalSize":[161,161],"capInsets":[0,0,0,0]}],[0],0,[0],[0],[5]],[[{"name":"mh_auto_vfx_b_screen_17","rect":[1478,200,209,197],"offset":[0,0],"originalSize":[209,197],"capInsets":[0,0,0,0]}],[0],0,[0],[0],[0]],[[{"name":"mh_spin_vfx_b_screen_06","rect":[1056,1,209,197],"offset":[0,0],"originalSize":[209,197],"capInsets":[0,0,0,0]}],[0],0,[0],[0],[1]],[[{"name":"mh_spin_vfx_b_screen_12","rect":[423,200,209,197],"offset":[0,0],"originalSize":[209,197],"capInsets":[0,0,0,0]}],[0],0,[0],[0],[1]],[[{"name":"mh_auto_vfx_b_screen_07","rect":[1267,1,209,197],"offset":[0,0],"originalSize":[209,197],"capInsets":[0,0,0,0]}],[0],0,[0],[0],[0]],[[{"name":"sb_vfx_a_add_03","rect":[330,709,224,289],"offset":[3,-9],"originalSize":[440,419],"capInsets":[0,0,0,0]}],[0],0,[0],[0],[2]],[[{"name":"sb_vfx_b_add_10","rect":[284,1,280,281],"offset":[0,0],"originalSize":[356,335],"rotated":1,"capInsets":[0,0,0,0]}],[0],0,[0],[0],[4]],[[{"name":"sb_arrow_blur","rect":[497,1,113,121],"offset":[0,0],"originalSize":[161,161],"capInsets":[0,0,0,0]}],[0],0,[0],[0],[5]],[[{"name":"mh_spin_vfx_b_screen_13","rect":[634,200,209,197],"offset":[0,0],"originalSize":[209,197],"capInsets":[0,0,0,0]}],[0],0,[0],[0],[1]],[[{"name":"sb_vfx_a_add_05","rect":[1,755,244,327],"offset":[8,-16],"originalSize":[440,419],"rotated":1,"capInsets":[0,0,0,0]}],[0],0,[0],[0],[2]],[[{"name":"mh_auto_vfx_b_screen_15","rect":[1056,200,209,197],"offset":[0,0],"originalSize":[209,197],"capInsets":[0,0,0,0]}],[0],0,[0],[0],[0]],[[{"name":"sb_vfx_b_add_08","rect":[1,1,280,281],"offset":[0,0],"originalSize":[356,335],"rotated":1,"capInsets":[0,0,0,0]}],[0],0,[0],[0],[4]],[[{"name":"sb_vfx_b_add_12","rect":[567,1,280,281],"offset":[0,0],"originalSize":[356,335],"rotated":1,"capInsets":[0,0,0,0]}],[0],0,[0],[0],[4]],[[{"name":"sb_vfx_a_add_12","rect":[633,1,254,331],"offset":[-36,9],"originalSize":[440,419],"capInsets":[0,0,0,0]}],[0],0,[0],[0],[2]],[[{"name":"sb_vfx_a_add_13","rect":[633,334,26,27],"offset":[-3,179],"originalSize":[440,419],"rotated":1,"capInsets":[0,0,0,0]}],[0],0,[0],[0],[2]],[[{"name":"mh_auto_vfx_a_screen","rect":[638,165,138,137],"offset":[0,0],"originalSize":[138,137],"capInsets":[0,0,0,0]}],[0],0,[0],[0],[6]],[[{"name":"mh_auto_vfx_b_screen_01","rect":[1,1,209,197],"offset":[0,0],"originalSize":[209,197],"capInsets":[0,0,0,0]}],[0],0,[0],[0],[0]],[[{"name":"mh_spin_vfx_b_screen_08","rect":[1478,1,209,197],"offset":[0,0],"originalSize":[209,197],"capInsets":[0,0,0,0]}],[0],0,[0],[0],[1]],[[{"name":"mh_auto_vfx_b_screen_13","rect":[634,200,209,197],"offset":[0,0],"originalSize":[209,197],"capInsets":[0,0,0,0]}],[0],0,[0],[0],[0]],[[{"name":"sb_vfx_b_add_09","rect":[1,283,278,279],"offset":[0,1],"originalSize":[356,335],"capInsets":[0,0,0,0]}],[0],0,[0],[0],[4]],[[{"name":"mh_auto_vfx_b_screen_14","rect":[845,200,209,197],"offset":[0,0],"originalSize":[209,197],"capInsets":[0,0,0,0]}],[0],0,[0],[0],[0]],[[{"name":"sb_vfx_a_add_09","rect":[305,1,326,359],"offset":[3,-6],"originalSize":[440,419],"capInsets":[0,0,0,0]}],[0],0,[0],[0],[2]],[[{"name":"sb_vfx_b_add_11","rect":[280,564,274,279],"offset":[0,1],"originalSize":[356,335],"rotated":1,"capInsets":[0,0,0,0]}],[0],0,[0],[0],[4]],[[{"name":"mh_spin_vfx_b_screen_02","rect":[212,1,209,197],"offset":[0,0],"originalSize":[209,197],"capInsets":[0,0,0,0]}],[0],0,[0],[0],[1]],[[{"name":"mh_auto_vfx_b_screen_06","rect":[1056,1,209,197],"offset":[0,0],"originalSize":[209,197],"capInsets":[0,0,0,0]}],[0],0,[0],[0],[0]],[[{"name":"sb_auto","rect":[177,1,164,166],"offset":[-1,-8],"originalSize":[280,280],"capInsets":[0,0,0,0]}],[0],0,[0],[0],[5]],[[{"name":"sb_vfx_d_add","rect":[1,1,349,349],"offset":[0,0],"originalSize":[349,349],"capInsets":[0,0,0,0]}],[0],0,[0],[0],[6]],[[{"name":"mh_auto_vfx_b_screen_10","rect":[1,200,209,197],"offset":[0,0],"originalSize":[209,197],"capInsets":[0,0,0,0]}],[0],0,[0],[0],[0]],[[{"name":"mh_auto_vfx_b_screen_00","rect":[1689,212,3,3],"offset":[-103,97],"originalSize":[209,197],"capInsets":[0,0,0,0]}],[0],0,[0],[0],[0]]]]