[1,["ecpdLyjvZBwrvm+cedCcQy","adxKo5XjtFSK7kRnBz4/aa","03VWV9z0NLrbXm4T6vTLqR","9cJ1y3PnlGjI7UKrsD/WDz","e5Svp65wVKFoAt9EqidbYP","2baPtYv2dPNqknYiQRuC3j","5dJ73njbtEqIJz8qxCxSjz","5d1ayqOmpKXJGPI6Y/4lAa","d7LqKrWFpKIJI9cW1gG5LE","afqDdswD5GO4vZF+yi7efq","2cR+TbJcFL/6qDoj2iyVDQ","17mcPuWRVMl43yUb0FWy6t","5aITm+0PZMAqB0j7ZHVclr","0eog/JVbJP8oi3DBLWX1mw","24SQJP8RlJR68UZG1X5L5a","d7LT0Ndq9O6Jj+EFDYaWXD","10Fcj28A1EwJJsMdCSm6QF","e97GVMl6JHh5Ml5qEDdSGa","d3gt6nU4ZJMJoHY2I6rBq6","b1/xtGhIdMyrZ93Kyil3HN","a2MjXRFdtLlYQ5ouAFv/+R","91ZJpqV6hFMra8iNl1UX9n","7bUZbZL4NBEZ1OX0BNqOMt","15wo2yekhKa416ome8EH3b","d4M5J+OUZGSbyxxsbP+OaT","46075w0vJI96oOEORGH3IP","cadTgxXTVKT7SojHetjion","c7APVurlFC+rHwRTanaJu+","eeXSjjWVBMPZ+Rkn3Zlu8o","60QQxiWXZOSrpYRq2NSUpr","12cMxoGcRMG4yO8TNBgfly","84463ZaKtCELR4Vi6+1Ylc","ceZSXrBclOb563Bc9mdTfm","ffPPwH2HdILYelcG5WRtKl","e7r4zLQSlKxqesCRDg/6xo","17iegFPYhPapxzReZdSPLV","8eBUNs07xCwLZoALAzZl+U","4cE53Aj2xKr7lDnEV7cDdY","9b6uP0EHlM4rVKDcbe2jTr","99cuuxhQNORLFoQUgPKuq6","41TYS0f71DMKft71YsXpsD","e41waTeCRFWIJjBC8QtJdD","ber+llTbVB9KUQKfvjaHHf","ca1gmO3RtFrJ4NxumoDys9","a0bGpOvKFGF4+ZSTvMkzx5","50WitigalIY7JIdXUH+2n6","045JtZCstIxbKqBxa9Hc4Q","9dbYBTiHJMqZwLpVDAMO46","9bNAK4U+dCDLN7AUQNWxUC","a0s87iTZpDNLRtD+NKBDMf","ad5s0MzOpJeY8S2TIOfovl","2b3DNJAMxLB4yu3/XhEOsr","b95QOJ2rJHr4uo/y3DfQK/","eeYCXL4ihNwZFpqn0Xp553","9a0g2xsmVKgLG+E9KAKO7X","earAeIEqdLQbqte4DySWnI","06wtiRUtZES7MOLhRD68lL","d2hvEQyzNNcrH/rBpGSK6x","9fkqQofU5Kjos7ehWbFQPb","c9DNV/efBNHJM1GMgmEFRX","c05O69jqhL14HS8Ywa1Jgl","f0BIwQ8D5Ml7nTNQbh1YlS","29FYIk+N1GYaeWH/q1NxQO","0aU7/ihllBzJhoui1LX26s","5bdqD8lJBNkKbYtLgXFNyL","79LqrYRjZA0IGaucq+LDj9","06BTKTsd1GJ6e4GKcenxi6","42QWXXeNhMiaZ68khEDvMv","4dSBue52hNl7/Hc2N/hcsh","a5wqWV8DVCzYZNk+jqdFYN","1fXYGu0CpPH6Jci8BovW9o","3fWVQ7R0VCZZkbZW0MerTr","71VhFCTINJM6/Ky3oX9nBT","273/Vs87tJPbqW/H3si7+b","4dXTdJtS5OaJVpoXwfNkOP","bfj1L7GahFrIlQpml2lGdJ","04Z7X6JD5Ht7sdYs+6MC5O","99ufKEXtlHJbFpXHq+rzpY","8a/go8sZZKv6CpWRwbGYIW","1bguKSr2pN5422gPNuRL+p","5bW5lIBAdJ86X0pTA62b8C","4dcRAGiddLF5R7Zs4SnARm","48QduCgyxC+qX5g/1r5GhE","33bcNp9RxKiruk7dYCrTaN","daQXf4EFxEeLJK9HGBuhzz","b4P/PCArtIdIH38t6mlw8Y","e8Ueib+qJEhL6mXAHdnwbi"],["_textureSetter","node","_spriteFrame","value","_parent","root","animBwVfxF","shineParticle","nodeBwVfxK","anim","skipBtnNode","superMegaWinSprite","megaWinSprite","bigWinSprite","blackMaskNode","numberDisplayControllerNode","timedWinRollControllerNode","displayController","_N$target","data","_N$normalSprite","_N$pressedSprite","_N$hoverSprite","_N$disabledSprite","_defaultClip"],["cc.SpriteFrame",["cc.Node",["_name","_prefab","_parent","_trs","_children","_components","_contentSize","_color"],2,4,1,7,2,12,5,5],["cc.Node",["_name","_opacity","_parent","_prefab","_components","_contentSize","_trs","_color","_children","_eulerAngles"],1,1,4,9,5,7,5,12,5],["cc.Sprite",["_sizeMode","_isTrimmedMode","_dstBlendFactor","_srcBlendFactor","node","_materials","_spriteFrame"],-1,1,3,6],["cc.Node",["_name","_opacity","_active","_parent","_components","_prefab","_contentSize","_trs","_anchorPoint"],0,1,2,4,5,7,5],["cc.Node",["_name","_opacity","_parent","_children","_components","_prefab","_contentSize","_trs"],1,1,2,9,4,5,7],["cc.ParticleSystem",["_srcBlendFactor","_dstBlendFactor","_custom","playOnLoad","totalParticles","emissionRate","life","lifeVar","angleVar","startSize","startSizeVar","speed","speedVar","tangentialAccel","angle","endSize","startSpinVar","emitterMode","startRadius","endRadius","node","_materials","_startColor","_startColorVar","_endColor","_endColorVar","posVar"],-17,1,3,8,8,8,8,5],["cc.AnimationClip",["_name","_duration","sample","wrapMode","curveData"],-1,11],["cc.PrefabInfo",["fileId","root","asset"],2,1,1],["cc.Prefab",["_name"],2],["40e99dJCT1IWb0wZl8bdc2A",["node","timedWinRollControllerNode","numberDisplayControllerNode","blackMaskNode","bigWinSprite","megaWinSprite","superMegaWinSprite","skipBtnNode","anim","nodeBwVfxI","nodeBwVfxL","nodeBwVfxH","nodeBwVfxK","coinParticle","shineParticle","animBwVfxF","holderBwVfxF","nodeRabbit","nodeFrame","nodeBwVfxD"],3,1,1,1,1,1,1,1,1,1,2,2,2,1,2,1,1,2,2,2,2],["cc.BlockInputEvents",["node"],3,1],["bbc6c4tBJdFQ76rTU5OtO2a",["node","displayController"],3,1,1],["cc.Button",["node","clickEvents","_N$pressedColor","_N$disabledColor","_N$target","_N$normalSprite","_N$pressedSprite","_N$hoverSprite","_N$disabledSprite"],3,1,9,5,5,1,6,6,6,6],["cc.ClickEvent",["_componentId","handler","target"],1,1],["cc.Layout",["_enabled","_resize","_N$layoutType","_N$spacingY","_N$affectedByScale","node","_layoutSize"],-2,1,5],["cc.Animation",["node","_clips"],3,1,3],["e13cc9FLShL66GevrFVSv5p",["maxContainerSize","nodeNumberWidth","nodeNumberScale","commaWidth","commaY","commaScale","decimalWidth","decimalY","decimalScale","decimalNumberWidth","decimalNumberScale","multiplySpriteWidth","multiplySpriteScale","layoutSpacingX","node","numberContainer","numberSprite","numberBlurSprite"],-11,1,1,3,3]],[[8,0,1,2,2],[2,0,2,4,3,7,5,6,2],[3,3,2,0,1,4,5,6,5],[3,0,1,4,5,6,3],[2,0,1,2,4,3,5,6,3],[7,0,1,2,4,4],[3,2,0,1,4,5,6,4],[5,0,1,2,3,4,5,6,7,3],[1,0,2,1,3,2],[1,0,2,1,2],[2,0,2,8,3,2],[3,0,1,4,5,3],[4,0,3,4,5,6,2],[4,0,3,4,5,7,2],[4,0,2,3,4,5,6,8,7,3],[16,0,1,1],[7,0,1,2,3,4,5],[9,0,2],[1,0,4,5,1,2],[1,0,2,4,1,3,2],[1,0,4,1,6,3,2],[1,0,2,5,1,7,6,3,2],[2,0,1,2,4,3,7,5,3],[2,0,2,4,3,5,2],[2,0,1,2,4,3,5,6,9,3],[5,0,2,3,4,5,6,2],[5,0,2,3,4,5,6,7,2],[4,0,1,3,4,5,6,8,7,3],[10,0,1,2,3,4,5,6,7,8,9,10,11,12,13,14,15,16,17,18,19,1],[8,1,2,1],[3,0,4,5,6,2],[3,2,0,1,4,5,4],[11,0,1],[12,0,1,1],[13,0,1,2,3,4,5,6,7,8,1],[14,0,1,2,3],[15,0,1,2,3,4,5,6,6],[6,0,1,2,3,4,5,6,7,14,8,9,10,15,16,17,11,12,13,18,19,20,21,22,23,24,25,26,21],[6,0,1,2,3,4,5,6,7,8,9,10,15,16,17,11,12,13,18,19,20,21,22,23,24,25,26,20],[6,0,1,2,3,4,5,6,7,14,8,9,10,11,12,13,20,21,22,23,24,25,26,16],[17,0,1,2,3,4,5,6,7,8,9,10,11,12,13,14,15,16,17,15]],[[[{"name":"bw_vfx_f_add_00022","rect":[981,1,432,488],"offset":[0,0],"originalSize":[432,560],"rotated":1,"capInsets":[0,0,0,0]}],[0],0,[0],[0],[3]],[[{"name":"bw_vfx_h_screen_06","rect":[1085,1053,540,1000],"offset":[0,0],"originalSize":[540,1000],"capInsets":[0,0,0,0]}],[0],0,[0],[0],[4]],[[[5,"end_win",0.4166666666666667,24,[{},"paths",11,[{},"big_win_effect_holder/title_num_layout/num_holder/win_num_container",11,[{"comps":{}},"props",11,[{},"scale",12,[[[{"frame":0},"value",8,[0,1,1]],[{"frame":0.20833333333333334},"value",8,[0,1.2,1.2]],[{"frame":0.4166666666666667},"value",8,[0,1,1]]],11,11,11]]],"big_win_effect_holder/title_num_layout/num_holder/bw_vfx_b_add",11,[{},"props",11,[{},"color",12,[[[{"frame":0},"value",8,[4,4278190080]],[{"frame":0.08333333333333333},"value",8,[4,4294967295]],[{"frame":0.16666666666666666,"curve":"cubicIn"},"value",8,[4,4294967295]],[{"frame":0.4166666666666667},"value",8,[4,4278190080]]],11,11,11,11],"scale",12,[[[{"frame":0,"curve":"cubicOut"},"value",8,[0,8,3]],[{"frame":0.4166666666666667},"value",8,[0,15,15]]],11,11]]]]]]],0,0,[],[],[]],[[{"name":"bw_vfx_c_add","rect":[493,1,600,500],"offset":[0,0],"originalSize":[600,500],"capInsets":[0,0,0,0]}],[0],0,[0],[0],[2]],[[[5,"big_win",0.5555555555555556,18,[{},"paths",11,[{"big_win_effect_holder/bw_bg_holder/bw_frame_01":{"props":{"opacity":[{"frame":0.1111111111111111,"value":0},{"frame":0.3888888888888889,"value":255}],"y":[{"frame":0,"value":250},{"frame":0.3888888888888889,"value":430}]}},"big_win_effect_holder/bw_bg_holder/bw_frame_02":{"props":{"opacity":[{"frame":0.1111111111111111,"value":0},{"frame":0.3888888888888889,"value":255}],"y":[{"frame":0,"value":-390},{"frame":0.3888888888888889,"value":-485}]}},"big_win_effect_holder/bw_bg_holder/bw_coin":{"props":{"opacity":[{"frame":0.1111111111111111,"value":0},{"frame":0.3888888888888889,"value":255}],"y":[{"frame":0,"value":-450},{"frame":0.3888888888888889,"value":-487}]}}},"big_win_effect_holder/title_num_layout/num_holder/win_num_container",11,[{"comps":{}},"props",11,[{"opacity":[{"frame":0,"value":0},{"frame":0.3333333333333333,"value":255}]},"scale",12,[[[{"frame":0},"value",8,[0,1,1]]],11]]],"big_win_effect_holder/title_num_layout/num_holder/bw_vfx_a_screen",11,[{},"props",11,[{},"color",12,[[[{"frame":0},"value",8,[4,4278190080]],[{"frame":0.3888888888888889},"value",8,[4,4294967295]]],11,11]]],"big_win_effect_holder/title_num_layout/num_holder/bw_vfx_c_add",11,[{},"props",11,[{},"color",12,[[[{"frame":0},"value",8,[4,4278190080]],[{"frame":0.3888888888888889},"value",8,[4,4294967295]]],11,11]]],"big_win_effect_holder/title_num_layout/num_holder/bw_vfx_b_add",11,[{},"props",11,[{},"color",12,[[[{"frame":0},"value",8,[4,4278190080]],[{"frame":0.1111111111111111},"value",8,[4,4294967295]],[{"frame":0.2222222222222222,"curve":"cubicIn"},"value",8,[4,4294967295]],[{"frame":0.5555555555555556},"value",8,[4,4278190080]]],11,11,11,11],"scale",12,[[[{"frame":0,"curve":"cubicOut"},"value",8,[0,8,3]],[{"frame":0.5555555555555556},"value",8,[0,15,15]]],11,11]]],"big_win_effect_holder/bw_bg_holder/bw_rabbit",11,[{},"props",11,[{"opacity":[{"frame":0,"value":0},{"frame":0.2777777777777778,"value":255}]},"scale",12,[[[{"frame":0},"value",8,[0,1,1]],[{"frame":0.2777777777777778},"value",8,[0,1.43,1.43]]],11,11]]],"big_win_effect_holder/bw_bg_holder/bw_a",11,[{},"props",11,[{"opacity":[{"frame":0.1111111111111111,"value":0},{"frame":0.3888888888888889,"value":255}]},"scale",12,[[[{"frame":0.1111111111111111},"value",8,[0,3,2]],[{"frame":0.3888888888888889},"value",8,[0,3,3]]],11,11]]],"big_win_effect_holder/bw_bg_holder/bw_vfx_g_add_01",11,[{},"props",11,[{},"color",12,[[[{"frame":0.1111111111111111},"value",8,[4,4278190080]],[{"frame":0.3888888888888889},"value",8,[4,4294967295]]],11,11],"scale",12,[[[{"frame":0},"value",8,[0,2,1]],[{"frame":0.3888888888888889},"value",8,[0,2,2]]],11,11]]],"big_win_effect_holder/title_num_layout/num_holder/big_win",11,[{"comps":{}},"props",11,[{"opacity":[{"frame":0,"value":0},{"frame":0.3333333333333333,"value":255}]},"scale",12,[[[{"frame":0},"value",8,[0,0,0]],[{"frame":0.2777777777777778},"value",8,[0,1.5,1.5]],[{"frame":0.5555555555555556},"value",8,[0,1.43,1.43]]],11,11,11]]]]]]],0,0,[],[],[]],[[{"name":"bw_vfx_d_screen_01","rect":[1045,543,540,300],"offset":[0,0],"originalSize":[540,300],"rotated":1,"capInsets":[0,0,0,0]}],[0],0,[0],[0],[2]],[[{"name":"bw_vfx_h_screen_03","rect":[543,2125,540,950],"offset":[0,0],"originalSize":[540,950],"capInsets":[0,0,0,0]}],[0],0,[0],[0],[4]],[[{"name":"bw_vfx_f_add_00025","rect":[493,435,432,490],"offset":[0,0],"originalSize":[432,560],"rotated":1,"capInsets":[0,0,0,0]}],[0],0,[0],[0],[3]],[[[5,"hide_super_mega_win",0.5,18,[{},"paths",11,[{"big_win_effect_holder/smw_bg_holder/smw_a":{"props":{"opacity":[{"frame":0,"value":255},{"frame":0.5,"value":0}]}},"big_win_effect_holder/smw_bg_holder/smw_coin":{"props":{"opacity":[{"frame":0,"value":255},{"frame":0.5,"value":0}]}},"big_win_effect_holder/smw_bg_holder/smw_frame_01":{"props":{"opacity":[{"frame":0,"value":255},{"frame":0.5,"value":0}]}},"big_win_effect_holder/smw_bg_holder/smw_frame_02":{"props":{"opacity":[{"frame":0,"value":255},{"frame":0.5,"value":0}]}},"big_win_effect_holder/smw_bg_holder/smw_rabbit":{"props":{"opacity":[{"frame":0,"value":255},{"frame":0.5,"value":0}]}}},"big_win_effect_holder/smw_bg_holder/bw_vfx_g_add_03",11,[{},"props",11,[{},"color",12,[[[{"frame":0},"value",8,[4,4294967295]],[{"frame":0.5},"value",8,[4,4278190080]]],11,11]]]]]]],0,0,[],[],[]],[[[17,"big_win_controller"],[18,"big_win_controller",[-46,-47,-48],[[[28,-44,-43,-42,-41,-40,-39,-38,-37,-36,[-34,-35],[-31,-32,-33],[-25,-26,-27,-28,-29,-30],-24,[-22,-23],-21,-20,[-17,-18,-19],[-14,-15,-16],[-8,-9,-10,-11,-12,-13],[-2,-3,-4,-5,-6,-7]],-45],4,1],[29,-1,0]],[19,"big_win_effect_holder",1,[-49,-50,-51,-52,-53,-54,-55,-56,-57,-58,-59,-60,-61,-62,-63],[0,"8acLuqSW1IEpHu7dj+El9J",1,0],[0,100,0,0,0,0,1,1,1,1]],[10,"bw_bg_holder",2,[[-64,-65,-66,-67,-68,-69,[8,"bw_vfx_e_holder",-70,[0,"378YubehJG4YsU3KzKJzOr",1,0],[0,-490,0,0,0,0,1,1,1,2]],-71,-72,-73],1,1,1,1,1,1,4,1,1,1],[0,"9eUd55S8BOubGdCRfc9CWx",1,0]],[10,"mw_bg_holder",2,[[-74,-75,-76,-77,-78,-79,[8,"bw_vfx_e_holder",-80,[0,"73odw6lmRKeb30zyVBjSgg",1,0],[0,-473,0,0,0,0,1,1,1,2]],-81,-82,-83],1,1,1,1,1,1,4,1,1,1],[0,"0bStJWPOlLwoMP09R5njDC",1,0]],[10,"smw_bg_holder",2,[[-84,-85,-86,-87,-88,-89,[8,"bw_vfx_e_holder",-90,[0,"d0y4Sg9nZCuYzMY9VLefNo",1,0],[0,-473,0,0,0,0,1,1,1,1]],-91,-92,-93],1,1,1,1,1,1,4,1,1,1],[0,"5b1sFaOiZHdIgbHVEUIWJA",1,0]],[20,"num_holder",[-94,-95,-96,-97,-98,-99,-100],[0,"1e74ZBJmhPXKT0SPkQXLwj",1,0],[5,1000,200],[0,-296,0,0,0,0,1,1,1,1]],[22,"black_mask",100,1,[[30,0,-101,[0],1],[32,-102]],[0,"665DRYLvhM67Kgru/kNegl",1,0],[4,4278190080],[5,1080,2340]],[7,"bw_frame_01",0,3,[-104],[[3,2,false,-103,[28],29]],[0,"54VuYKXzBGIoNBc3KfoUZC",1,0],[5,756,299],[0,430,0,0,0,0,1,1.43,1.43,1.43]],[7,"bw_frame_02",0,3,[-106],[[3,2,false,-105,[32],33]],[0,"c0BFty7ehB2r8X2NQIfSya",1,0],[5,756,160],[0,-485,0,0,0,0,1,1.43,1.43,1.43]],[7,"mw_frame_01",0,4,[-108],[[3,2,false,-107,[48],49]],[0,"84yV+3rHpHsZWrx4vdwIqa",1,0],[5,756,205],[0,485,0,0,0,0,1,1.43,1.43,1]],[7,"mw_frame_02",0,4,[-110],[[3,2,false,-109,[52],53]],[0,"db4oGk3+ZBrKAjQYF8ZAom",1,0],[5,756,194],[0,-570,0,0,0,0,1,1.43,1.43,1]],[7,"smw_frame_01",0,5,[-112],[[3,2,false,-111,[68],69]],[0,"2bqHNerqhC74uJwaMymV0q",1,0],[5,756,340],[0,585,0,0,0,0,1,1.43,1.43,1]],[7,"smw_frame_02",0,5,[-114],[[3,2,false,-113,[72],73]],[0,"f2p4F/PHpBJ4pKy90ybQTY",1,0],[5,756,250],[0,-660,0,0,0,0,1,1.43,1.43,1]],[25,"win_num_container",6,[-117],[[33,-116,-115]],[0,"290QiAN5VPkLZKsfZmw/4R",1,0],[5,1000,200]],[12,"number_display_controller",14,[-118],[0,"f2Z33W01tIZaaE+QPPx70D",1,0],[5,1000,200]],[23,"skip_button",1,[[34,-120,[[35,"40e99dJCT1IWb0wZl8bdc2A","skipPlay",1]],[4,4294967295],[4,4294967295],-119,112,113,114,115]],[0,"73q4lbpWBM0LxyQ6E/OiQ7",1,0],[5,1080,2340]],[1,"bw_vfx_l_screen_01",2,[[2,1,769,2,false,-121,[2],3]],[0,"58IXYu9VJHWb20FHLeefoI",1,0],[4,4278190080],[5,540,1170],[0,0,0,0,0,0,1,2,2,1]],[1,"bw_vfx_l_screen_02",2,[[2,1,769,2,false,-122,[4],5]],[0,"deX7dXIP5NbIJ0+Cu5uYn0",1,0],[4,4278190080],[5,540,1170],[0,0,0,0,0,0,1,2,2,1]],[1,"bw_vfx_l_screen_03",2,[[2,1,769,2,false,-123,[6],7]],[0,"70EuIFQV5EA5oEi5Lg7yyk",1,0],[4,4278190080],[5,540,1170],[0,0,0,0,0,0,1,2,2,1]],[1,"bw_vfx_k_screen",2,[[2,1,769,2,false,-124,[8],9]],[0,"a8tXRMxThLf4Lj3wnoNoQF",1,0],[4,4278190080],[5,500,500],[0,0,0,0,0,0,1,10,10,1]],[4,"bw_vfx_i_add",0,2,[[6,1,2,false,-125,[12],13]],[0,"a8CDUkB7tK5a/GKCEHfLQx",1,0],[5,500,500],[0,0,0,0,0,0,1,10,10,10]],[24,"bw_vfx_i_add_shw",0,2,[[6,1,2,false,-126,[14],15]],[0,"6c3/U2Fm9CvpG6jFMakblv",1,0],[5,500,500],[0,0,0,0,0,0.7071067811865475,0.7071067811865476,10,10,10],[1,0,0,90]],[1,"bw_vfx_h_screen_01",3,[[2,1,769,2,false,-127,[16],17]],[0,"0aBaJt4GdMTb1tU6X8Btb4",1,0],[4,4278190080],[5,540,950],[0,0,0,0,0,0,1,2,2,1]],[1,"bw_vfx_h_screen_02",3,[[2,1,769,2,false,-128,[18],19]],[0,"0brajfEa9L4bBVHSmtTmR/",1,0],[4,4278190080],[5,540,950],[0,0,0,0,0,0,1,2,2,1]],[1,"bw_vfx_d_screen_01",8,[[2,1,769,2,false,-129,[26],27]],[0,"74AFklleVB2ZjN5ybR9Nw9",1,0],[4,4278190080],[5,540,300],[0,-45,0,0,0,0,1,1.3986,1.3986,1.3986]],[1,"bw_vfx_d_screen_02",9,[[2,1,769,2,false,-130,[30],31]],[0,"afFEXT5SFGSq+9q5/QLVIl",1,0],[4,4278190080],[5,540,300],[0,-20,0,0,0,0,1,1.3986,1.3986,1.3986]],[4,"bw_rabbit",0,3,[[3,2,false,-131,[34],35]],[0,"0c5uxoqDRGU6N7m2I6PXyO",1,0],[5,420,736],[0,160,0,0,0,0,1,1.43,1.43,1]],[1,"bw_vfx_h_screen_03",4,[[2,1,769,2,false,-132,[36],37]],[0,"29S2RS151OKJF5Z7hIo9QI",1,0],[4,4278190080],[5,540,950],[0,0,0,0,0,0,1,2,2,1]],[1,"bw_vfx_h_screen_04",4,[[2,1,769,2,false,-133,[38],39]],[0,"54S9dKCGBH+oUzrv+7BVE3",1,0],[4,4278190080],[5,540,950],[0,0,0,0,0,0,1,2,2,1]],[1,"bw_vfx_d_screen_03",10,[[2,1,769,2,false,-134,[46],47]],[0,"a59sZ7LrRKeZUFwRAQ6UUH",1,0],[4,4278190080],[5,540,300],[0,10,0,0,0,0,1,1.3986,1.3986,1.3986]],[1,"bw_vfx_d_screen_04",11,[[2,1,769,2,false,-135,[50],51]],[0,"122x00b7lLfKxvAqg+sFCq",1,0],[4,4278190080],[5,540,250],[0,-23,0,0,0,0,1,1.3986,1.3986,1.3986]],[4,"mw_rabbit",0,4,[[3,2,false,-136,[54],55]],[0,"b0kMmaBSBGBJooIOU4SZJk",1,0],[5,717,645],[0,310,0,0,0,0,1,1.43,1.43,1]],[1,"bw_vfx_h_screen_05",5,[[2,1,769,2,false,-137,[56],57]],[0,"bcwyhZsepDe58M7ISrW3tE",1,0],[4,4278190080],[5,540,1050],[0,0,0,0,0,0,1,2,2,1]],[1,"bw_vfx_h_screen_06",5,[[2,1,769,2,false,-138,[58],59]],[0,"f5m6E/6OpD46a03W1EnkdN",1,0],[4,4278190080],[5,540,1000],[0,0,0,0,0,0,1,2,2,1]],[1,"bw_vfx_d_screen_05",12,[[2,1,769,2,false,-139,[66],67]],[0,"c7f3ZuZ8xGl5qoCHeKld/V",1,0],[4,4278190080],[5,540,400],[0,-7,0,0,0,0,1,1.3986,1.3986,1.3986]],[1,"bw_vfx_d_screen_06",13,[[2,1,769,2,false,-140,[70],71]],[0,"93/bEHDY5EqIw6iBipWZyZ",1,0],[4,4278190080],[5,540,300],[0,-13,0,0,0,0,1,1.3986,1.3986,1.3986]],[4,"smw_rabbit",0,5,[[3,2,false,-141,[74],75]],[0,"e06ZnbMkFL8Yh2GYVBjCMw",1,0],[5,662,948],[0,200,0,0,0,0,1,1.43,1.43,1]],[21,"bw_vfx_f_add",2,[[[31,1,2,false,-142,[76]],-143],4,1],[0,"3c0H6rMwRJ7Y4Z7+B4PvFQ",1,0],[4,4278190080],[5,432,560],[0,0,0,0,0,0,1,2.5,2.5,1]],[26,"title_num_layout",2,[6],[[36,false,1,2,-30,true,-144,[5,1000,792]]],[0,"6dcWGXJAFDqIEoBhMWEz8m",1,0],[5,1000,792],[0,-32,0,0,0,0,1,1,1,1]],[13,"coin_particle_top",2,[-145],[0,"51xYw6ozJMzKDPIgKB1qtA",1,0],[0,200,0,0,0,0,1,1,1,1]],[37,1,769,true,false,8,5,0.9,0.25,-90,60,150,30,-1,360,1,1000,300,0,200,1300,40,[10],[4,4294967295],[4,0],[4,16777215],[4,0],[0,200,0]],[13,"coin_particle_btm",2,[-146],[0,"e2Pvzg3zFJ/6CNaiEncYaS",1,0],[0,-235,0,0,0,0,1,1,1,1]],[38,1,769,true,false,8,5,0.9,0.25,60,150,30,-1,360,1,1000,300,0,200,1300,42,[11],[4,4294967295],[4,0],[4,16777215],[4,0],[0,200,0]],[1,"bw_vfx_g_add_01",3,[[6,1,2,false,-147,[20],21]],[0,"05pzJTtWdGhbITPwwQ2Of0",1,0],[4,4278190080],[5,540,1170],[0,0,0,0,0,0,1,2,2,2]],[4,"bw_a",0,3,[[3,2,false,-148,[22],23]],[0,"d4TntGBwNNr5iTAO9a7Lk7",1,0],[5,378,342],[0,0,0,0,0,0,1,3,3,3]],[9,"bw_vfx_f_holder",3,[0,"d5T2tiTydOb4cf/g0hHVfS",1,0]],[4,"bw_coin",0,3,[[3,2,false,-149,[24],25]],[0,"2bGc1UuYNCfZ+RUnJaaIEV",1,0],[5,753,88],[0,-487,0,0,0,0,1,1.8,1.8,1.8]],[1,"bw_vfx_g_add_02",4,[[6,1,2,false,-150,[40],41]],[0,"3eeGs75eZJeYKrzL+RJ/K8",1,0],[4,4278190080],[5,540,1170],[0,0,0,0,0,0,1,2,2,1]],[4,"mw_a",0,4,[[3,2,false,-151,[42],43]],[0,"d4lX023lFAXJTUMYm1t3la",1,0],[5,378,381],[0,85,0,0,0,0,1,3,3,3]],[9,"bw_vfx_f_holder",4,[0,"17E/ABdABO4oSg3LNDmToZ",1,0]],[4,"mw_coin",0,4,[[3,2,false,-152,[44],45]],[0,"a3oXmYQTJNbZONvrty2Yl4",1,0],[5,756,205],[0,-415,0,0,0,0,1,1.43,1.43,1]],[1,"bw_vfx_g_add_03",5,[[6,1,2,false,-153,[60],61]],[0,"a3xUqEQ7NJnJ205pSTW77C",1,0],[4,4278190080],[5,540,1170],[0,0,0,0,0,0,1,2,2,1]],[4,"smw_a",0,5,[[3,2,false,-154,[62],63]],[0,"48reb6yEBDgYjEx9RZrVr2",1,0],[5,378,458],[0,0,0,0,0,0,1,3,3,3]],[9,"bw_vfx_f_holder",5,[0,"e31ln91bxNu6lKUEllle57",1,0]],[4,"smw_coin",0,5,[[3,2,false,-155,[64],65]],[0,"109SfnsJNANq6FvWkHMr8M",1,0],[5,756,359],[0,-470,0,0,0,0,1,1.43,1.43,1]],[15,38,[77]],[1,"bw_vfx_e_add_01",2,[[6,1,2,false,-156,[78],79]],[0,"00Wm4McPZPjpGHfViuwNJ8",1,0],[4,4278190080],[5,540,250],[0,0,0,0,0,0,1,2,2,2]],[1,"bw_vfx_c_add",6,[[6,1,2,false,-157,[80],81]],[0,"f02tXhWQ9GsoGN4Ql6S9Oo",1,0],[4,4278190080],[5,600,500],[0,0,0,0,0,0,1,1.8,1.8,1]],[1,"bw_vfx_b_add",6,[[6,1,2,false,-158,[82],83]],[0,"68HNPXmlhF/bS5iUvRSchm",1,0],[4,4278190080],[5,490,700],[0,0,0,0,0,0,1,5,5,2]],[1,"bw_vfx_a_screen",6,[[2,1,769,2,false,-159,[84],85]],[0,"06U7/wcAxAdLCbZcnza26n",1,0],[4,4278190080],[5,500,380],[0,0,0,0,0,0,1,5,5,1]],[27,"big_win",0,6,[-160],[0,"41f6hdOBNGqqyItV2ODywY",1,0],[5,533,184],[0,0.5,0],[0,81,0,0,0,0,1,1.43,1.43,1.43]],[11,2,false,61,[86]],[14,"mega_win",false,6,[-161],[0,"abT1dK3b1Jeb5nteby6V1O",1,0],[5,622,169],[0,0.5,0],[0,81,0,0,0,0,1,1.43,1.43,1.43]],[11,2,false,63,[87]],[14,"super_mega_win",false,6,[-162],[0,"3bIKKD/6ZNtYa/vMj8HNf5",1,0],[5,622,293],[0,0.5,0],[0,81,0,0,0,0,1,1.43,1.43,1.43]],[11,2,false,65,[88]],[40,1000,130,1.43,55,-50,1.43,55,-40,1.43,130,1.43,0,0,15,15,15,[89,90,91,92,93,94,95,96,97,98,99,100],[101,102,103,104,105,106,107,108,109,110]],[12,"shine_particle",2,[-163],[0,"43V/ypoX5Cnp0qlYpSKRT3",1,0],[5,1000,1900]],[39,1,769,true,false,20,14.6,2,1,0,360,200,50,0,0,0,68,[111],[4,4294967295],[4,0],[4,16777215],[4,0],[0,500,950]],[15,1,[116,117,118,119,120,121,122,123]]],0,[0,5,1,0,-1,25,0,-2,26,0,-3,30,0,-4,31,0,-5,35,0,-6,36,0,-1,8,0,-2,9,0,-3,10,0,-4,11,0,-5,12,0,-6,13,0,-1,27,0,-2,32,0,-3,37,0,-1,46,0,-2,50,0,-3,54,0,6,56,0,7,69,0,-1,41,0,-2,43,0,8,20,0,-1,23,0,-2,24,0,-3,28,0,-4,29,0,-5,33,0,-6,34,0,-1,17,0,-2,18,0,-3,19,0,-1,21,0,-2,22,0,9,70,0,10,16,0,11,66,0,12,64,0,13,62,0,14,7,0,15,15,0,16,14,0,1,1,0,-2,70,0,-1,7,0,-2,2,0,-3,16,0,-1,17,0,-2,18,0,-3,19,0,-4,20,0,-5,40,0,-6,42,0,-7,21,0,-8,22,0,-9,3,0,-10,4,0,-11,5,0,-12,38,0,-13,57,0,-14,39,0,-15,68,0,-1,23,0,-2,24,0,-3,44,0,-4,45,0,-5,46,0,-6,47,0,4,3,0,-8,8,0,-9,9,0,-10,27,0,-1,28,0,-2,29,0,-3,48,0,-4,49,0,-5,50,0,-6,51,0,4,4,0,-8,10,0,-9,11,0,-10,32,0,-1,33,0,-2,34,0,-3,52,0,-4,53,0,-5,54,0,-6,55,0,4,5,0,-8,12,0,-9,13,0,-10,37,0,-1,58,0,-2,59,0,-3,60,0,-4,61,0,-5,63,0,-6,65,0,-7,14,0,1,7,0,1,7,0,1,8,0,-1,25,0,1,9,0,-1,26,0,1,10,0,-1,30,0,1,11,0,-1,31,0,1,12,0,-1,35,0,1,13,0,-1,36,0,17,67,0,1,14,0,-1,15,0,-1,67,0,18,16,0,1,16,0,1,17,0,1,18,0,1,19,0,1,20,0,1,21,0,1,22,0,1,23,0,1,24,0,1,25,0,1,26,0,1,27,0,1,28,0,1,29,0,1,30,0,1,31,0,1,32,0,1,33,0,1,34,0,1,35,0,1,36,0,1,37,0,1,38,0,-2,56,0,1,39,0,-1,41,0,-1,43,0,1,44,0,1,45,0,1,47,0,1,48,0,1,49,0,1,51,0,1,52,0,1,53,0,1,55,0,1,57,0,1,58,0,1,59,0,1,60,0,-1,62,0,-1,64,0,-1,66,0,-1,69,0,19,1,6,4,39,163],[0,0,0,0,0,0,0,0,0,0,0,0,0,0,0,0,0,0,0,0,0,0,0,0,0,0,0,0,0,0,0,0,0,0,0,0,0,0,0,0,0,0,0,0,0,0,0,0,0,0,0,0,0,0,0,0,0,0,0,0,0,0,0,0,0,0,0,0,0,0,0,0,0,0,0,0,0,0,0,0,0,0,0,0,0,0,0,0,0,0,0,0,0,0,0,0,0,0,0,0,0,0,0,0,0,0,0,0,0,0,0,0,0,0,0,0,0,0,0,0,0,0,0,0,41,43,56,69],[-1,2,-1,2,-1,2,-1,2,-1,2,-1,-1,-1,2,-1,2,-1,2,-1,2,-1,2,-1,2,-1,2,-1,2,-1,2,-1,2,-1,2,-1,2,-1,2,-1,2,-1,2,-1,2,-1,2,-1,2,-1,2,-1,2,-1,2,-1,2,-1,2,-1,2,-1,2,-1,2,-1,2,-1,2,-1,2,-1,2,-1,2,-1,2,-1,-1,-1,2,-1,2,-1,2,-1,2,-1,-1,-1,-1,-2,-3,-4,-5,-6,-7,-8,-9,-10,-11,-12,-1,-2,-3,-4,-5,-6,-7,-8,-9,-10,-1,20,21,22,23,-1,-2,-3,-4,-5,-6,-7,-8,2,2,24,2],[0,20,0,21,0,22,0,23,0,24,0,0,0,5,0,5,0,25,0,26,0,27,0,28,0,29,0,30,0,31,0,32,0,33,0,34,0,35,0,36,0,37,0,38,0,39,0,40,0,41,0,42,0,43,0,44,0,45,0,46,0,47,0,48,0,49,0,50,0,51,0,52,0,53,0,54,0,6,0,55,0,56,0,57,0,58,0,0,0,7,8,9,10,11,12,13,14,15,16,59,60,7,8,9,10,11,12,13,14,15,16,0,61,17,17,62,63,64,65,66,67,68,69,70,18,18,6,71]],[[{"name":"default_btn_disabled","rect":[0,0,40,40],"offset":[0,0],"originalSize":[40,40],"capInsets":[12,12,12,12]}],[0],0,[0],[0],[72]],[[{"name":"bw_vfx_i_add","rect":[1,703,500,500],"offset":[0,0],"originalSize":[500,500],"capInsets":[0,0,0,0]}],[0],0,[0],[0],[2]],[[{"name":"smw_frame_01","rect":[1087,362,756,340],"offset":[0,0],"originalSize":[756,340],"capInsets":[0,0,0,0]}],[0],0,[0],[0],[1]],[[{"name":"bw_vfx_f_add_00029","rect":[493,869,432,490],"offset":[0,0],"originalSize":[432,560],"rotated":1,"capInsets":[0,0,0,0]}],[0],0,[0],[0],[3]],[[{"name":"bw_particle_a_screen","rect":[0,0,250,250],"offset":[0,0],"originalSize":[250,250],"capInsets":[0,0,0,0]}],[0],0,[0],[0],[73]],[[{"name":"bw_vfx_d_screen_03","rect":[1045,1085,540,300],"offset":[0,0],"originalSize":[540,300],"rotated":1,"capInsets":[0,0,0,0]}],[0],0,[0],[0],[2]],[[[5,"hide_win",0.5,18,[{"props":{"opacity":[{"frame":0,"value":255},{"frame":0.5,"value":0}]}},"paths",11,[{},"big_win_effect_holder/title_num_layout/num_holder/bw_vfx_a_screen",11,[{},"props",11,[{},"color",12,[[[{"frame":0},"value",8,[4,4294967295]],[{"frame":0.5},"value",8,[4,4278190080]]],11,11]]],"big_win_effect_holder/title_num_layout/num_holder/bw_vfx_c_add",11,[{},"props",11,[{},"color",12,[[[{"frame":0},"value",8,[4,4294967295]],[{"frame":0.5},"value",8,[4,4278190080]]],11,11]]]]]]],0,0,[],[],[]],[[{"name":"bw_vfx_h_screen_01","rect":[543,1173,540,950],"offset":[0,0],"originalSize":[540,950],"capInsets":[0,0,0,0]}],[0],0,[0],[0],[4]],[[{"name":"bw_vfx_f_add_00028","rect":[1,869,432,490],"offset":[0,0],"originalSize":[432,560],"rotated":1,"capInsets":[0,0,0,0]}],[0],0,[0],[0],[3]],[[{"name":"bw_vfx_g_add_02","rect":[1,1173,540,1170],"offset":[0,0],"originalSize":[540,1170],"capInsets":[0,0,0,0]}],[0],0,[0],[0],[4]],[[[5,"hide_big_win",0.5,18,[{},"paths",11,[{"big_win_effect_holder/bw_bg_holder/bw_a":{"props":{"opacity":[{"frame":0,"value":255},{"frame":0.5,"value":0}]}},"big_win_effect_holder/bw_bg_holder/bw_coin":{"props":{"opacity":[{"frame":0,"value":255},{"frame":0.5,"value":0}]}},"big_win_effect_holder/bw_bg_holder/bw_frame_01":{"props":{"opacity":[{"frame":0,"value":255},{"frame":0.5,"value":0}]}},"big_win_effect_holder/bw_bg_holder/bw_frame_02":{"props":{"opacity":[{"frame":0,"value":255},{"frame":0.5,"value":0}]}},"big_win_effect_holder/bw_bg_holder/bw_rabbit":{"props":{"opacity":[{"frame":0,"value":255},{"frame":0.5,"value":0}]}}},"big_win_effect_holder/bw_bg_holder/bw_vfx_g_add_01",11,[{},"props",11,[{},"color",12,[[[{"frame":0},"value",8,[4,4294967295]],[{"frame":0.5},"value",8,[4,4278190080]]],11,11]]]]]]],0,0,[],[],[]],[[{"name":"bw_vfx_f_add_00020","rect":[1,1,432,488],"offset":[0,0],"originalSize":[432,560],"rotated":1,"capInsets":[0,0,0,0]}],[0],0,[0],[0],[3]],[[{"name":"bw_vfx_f_add_00027","rect":[1477,493,432,490],"offset":[0,0],"originalSize":[432,560],"capInsets":[0,0,0,0]}],[0],0,[0],[0],[3]],[[{"name":"bw_vfx_h_screen_05","rect":[1085,1,540,1050],"offset":[0,0],"originalSize":[540,1050],"capInsets":[0,0,0,0]}],[0],0,[0],[0],[4]],[[{"name":"bw_vfx_f_add_00026","rect":[985,493,432,490],"offset":[0,0],"originalSize":[432,560],"rotated":1,"capInsets":[0,0,0,0]}],[0],0,[0],[0],[3]],[[[5,"mega_win",0.5555555555555556,18,[{},"paths",11,[{"big_win_effect_holder/mw_bg_holder/mw_coin":{"props":{"opacity":[{"frame":0.1111111111111111,"value":0},{"frame":0.3888888888888889,"value":255}],"y":[{"frame":0,"value":-400},{"frame":0.3888888888888889,"value":-415}]}},"big_win_effect_holder/mw_bg_holder/mw_frame_01":{"props":{"opacity":[{"frame":0.1111111111111111,"value":0},{"frame":0.3888888888888889,"value":255}],"y":[{"frame":0,"value":420},{"frame":0.3888888888888889,"value":485}]}},"big_win_effect_holder/mw_bg_holder/mw_frame_02":{"props":{"opacity":[{"frame":0.1111111111111111,"value":0},{"frame":0.3888888888888889,"value":255}],"y":[{"frame":0,"value":-450},{"frame":0.3888888888888889,"value":-570}]}}},"big_win_effect_holder/mw_bg_holder/bw_vfx_g_add_02",11,[{},"props",11,[{},"color",12,[[[{"frame":0.1111111111111111},"value",8,[4,4278190080]],[{"frame":0.3888888888888889},"value",8,[4,4294967295]]],11,11],"scale",12,[[[{"frame":0},"value",8,[0,2,1]],[{"frame":0.3888888888888889},"value",8,[0,2,2]]],11,11]]],"big_win_effect_holder/mw_bg_holder/mw_a",11,[{},"props",11,[{"opacity":[{"frame":0.1111111111111111,"value":0},{"frame":0.3888888888888889,"value":255}]},"scale",12,[[[{"frame":0.1111111111111111},"value",8,[0,3,2.5]],[{"frame":0.3888888888888889},"value",8,[0,3,3]]],11,11]]],"big_win_effect_holder/mw_bg_holder/mw_rabbit",11,[{},"props",11,[{"opacity":[{"frame":0,"value":0},{"frame":0.2777777777777778,"value":255}]},"scale",12,[[[{"frame":0},"value",8,[0,1,1]],[{"frame":0.2777777777777778},"value",8,[0,1.43,1.43]]],11,11]]],"big_win_effect_holder/title_num_layout/num_holder/bw_vfx_b_add",11,[{},"props",11,[{},"color",12,[[[{"frame":0},"value",8,[4,4278190080]],[{"frame":0.1111111111111111},"value",8,[4,4294967295]],[{"frame":0.2222222222222222,"curve":"cubicIn"},"value",8,[4,4294967295]],[{"frame":0.5555555555555556},"value",8,[4,4278190080]]],11,11,11,11],"scale",12,[[[{"frame":0,"curve":"cubicOut"},"value",8,[0,8,3]],[{"frame":0.5555555555555556},"value",8,[0,15,15]]],11,11]]],"big_win_effect_holder/title_num_layout/num_holder/mega_win",11,[{"comps":{}},"props",11,[{"opacity":[{"frame":0,"value":0},{"frame":0.3333333333333333,"value":255}]},"scale",12,[[[{"frame":0},"value",8,[0,0,0]],[{"frame":0.2777777777777778},"value",8,[0,1.5,1.5]],[{"frame":0.5555555555555556},"value",8,[0,1.43,1.43]]],11,11,11]]]]]]],0,0,[],[],[]],[[[16,"bw_vfx_f",0.5555555555555556,18,2,[{},"comps",11,[{},"cc.Sprite",11,[{},"spriteFrame",12,[[[{"frame":0},"value",6,0],[{"frame":0.05555555555555555},"value",6,1],[{"frame":0.1111111111111111},"value",6,2],[{"frame":0.16666666666666666},"value",6,3],[{"frame":0.2222222222222222},"value",6,4],[{"frame":0.2777777777777778},"value",6,5],[{"frame":0.3333333333333333},"value",6,6],[{"frame":0.3888888888888889},"value",6,7],[{"frame":0.4444444444444444},"value",6,8],[{"frame":0.5},"value",6,9]],11,11,11,11,11,11,11,11,11,11]]]]]],0,0,[0,0,0,0,0,0,0,0,0,0],[3,3,3,3,3,3,3,3,3,3],[74,75,76,77,78,79,80,81,82,83]],[[{"name":"bw_coin","rect":[759,1775,753,88],"offset":[0,0],"originalSize":[753,88],"capInsets":[0,0,0,0]}],[0],0,[0],[0],[1]],[[[5,"super_mega_win",0.4166666666666667,24,[{},"paths",11,[{"big_win_effect_holder/smw_bg_holder/smw_coin":{"props":{"opacity":[{"frame":0.08333333333333333,"value":0},{"frame":0.2916666666666667,"value":255}]}},"big_win_effect_holder/smw_bg_holder/smw_frame_02":{"props":{"opacity":[{"frame":0.08333333333333333,"value":0},{"frame":0.2916666666666667,"value":255}],"y":[{"frame":0,"value":-530},{"frame":0.2916666666666667,"value":-660}]}},"big_win_effect_holder/smw_bg_holder/smw_frame_01":{"props":{"opacity":[{"frame":0.08333333333333333,"value":0},{"frame":0.2916666666666667,"value":255}],"y":[{"frame":0,"value":500},{"frame":0.2916666666666667,"value":585}]}}},"big_win_effect_holder/title_num_layout/num_holder/bw_vfx_b_add",11,[{},"props",11,[{},"color",12,[[[{"frame":0},"value",8,[4,4278190080]],[{"frame":0.08333333333333333},"value",8,[4,4294967295]],[{"frame":0.16666666666666666,"curve":"cubicIn"},"value",8,[4,4294967295]],[{"frame":0.4166666666666667},"value",8,[4,4278190080]]],11,11,11,11],"scale",12,[[[{"frame":0,"curve":"cubicOut"},"value",8,[0,8,3]],[{"frame":0.4166666666666667},"value",8,[0,15,15]]],11,11]]],"big_win_effect_holder/smw_bg_holder/bw_vfx_g_add_03",11,[{},"props",11,[{},"color",12,[[[{"frame":0.08333333333333333},"value",8,[4,4278190080]],[{"frame":0.2916666666666667},"value",8,[4,4294967295]]],11,11],"scale",12,[[[{"frame":0},"value",8,[0,2,1]],[{"frame":0.2916666666666667},"value",8,[0,2,2]]],11,11]]],"big_win_effect_holder/smw_bg_holder/smw_a",11,[{},"props",11,[{"opacity":[{"frame":0.08333333333333333,"value":0},{"frame":0.2916666666666667,"value":255}]},"scale",12,[[[{"frame":0.08333333333333333},"value",8,[0,3,2.5]],[{"frame":0.2916666666666667},"value",8,[0,3,3]]],11,11]]],"big_win_effect_holder/smw_bg_holder/smw_rabbit",11,[{},"props",11,[{"opacity":[{"frame":0,"value":0},{"frame":0.20833333333333334,"value":255}]},"scale",12,[[[{"frame":0},"value",8,[0,1,1]],[{"frame":0.20833333333333334},"value",8,[0,1.43,1.43]]],11,11]]],"big_win_effect_holder/title_num_layout/num_holder/super_mega_win",11,[{"comps":{}},"props",11,[{"opacity":[{"frame":0,"value":0},{"frame":0.25,"value":255}]},"scale",12,[[[{"frame":0},"value",8,[0,0,0]],[{"frame":0.20833333333333334},"value",8,[0,1.5,1.5]],[{"frame":0.4166666666666667},"value",8,[0,1.43,1.43]]],11,11,11]]]]]]],0,0,[],[],[]],[[{"name":"bw_frame_01","rect":[1087,704,756,299],"offset":[0,0],"originalSize":[756,299],"capInsets":[0,0,0,0]}],[0],0,[0],[0],[1]],[[{"name":"bw_vfx_f_add_00024","rect":[1,435,432,490],"offset":[0,0],"originalSize":[432,560],"rotated":1,"capInsets":[0,0,0,0]}],[0],0,[0],[0],[3]],[[{"name":"bw_vfx_h_screen_04","rect":[1,2345,540,950],"offset":[0,0],"originalSize":[540,950],"capInsets":[0,0,0,0]}],[0],0,[0],[0],[4]],[[{"name":"mw_coin","rect":[1028,1167,756,205],"offset":[0,0],"originalSize":[756,205],"capInsets":[0,0,0,0]}],[0],0,[0],[0],[1]],[[{"name":"bw_vfx_f_add_00023","rect":[1471,1,432,490],"offset":[0,0],"originalSize":[432,560],"capInsets":[0,0,0,0]}],[0],0,[0],[0],[3]],[[{"name":"smw_rabbit","rect":[1,1,662,948],"offset":[0,0],"originalSize":[662,948],"capInsets":[0,0,0,0]}],[0],0,[0],[0],[1]],[[{"name":"smw_a","rect":[648,1119,378,458],"offset":[0,0],"originalSize":[378,458],"capInsets":[0,0,0,0]}],[0],0,[0],[0],[1]],[[{"name":"mw_a","rect":[665,739,378,381],"offset":[0,0],"originalSize":[378,381],"rotated":1,"capInsets":[0,0,0,0]}],[0],0,[0],[0],[1]],[[{"name":"bw_vfx_g_add_03","rect":[543,1,540,1170],"offset":[0,0],"originalSize":[540,1170],"capInsets":[0,0,0,0]}],[0],0,[0],[0],[4]],[[{"name":"bw_vfx_a_screen","rect":[543,1509,500,380],"offset":[0,0],"originalSize":[500,380],"capInsets":[0,0,0,0]}],[0],0,[0],[0],[2]],[[{"name":"mw_rabbit","rect":[1,951,717,645],"offset":[0,0],"originalSize":[717,645],"rotated":1,"capInsets":[0,0,0,0]}],[0],0,[0],[0],[1]],[[{"name":"smw_coin","rect":[1087,1,756,359],"offset":[0,0],"originalSize":[756,359],"capInsets":[0,0,0,0]}],[0],0,[0],[0],[1]],[[[5,"hide_mega_win",0.5,18,[{},"paths",11,[{"big_win_effect_holder/mw_bg_holder/mw_a":{"props":{"opacity":[{"frame":0,"value":255},{"frame":0.5,"value":0}]}},"big_win_effect_holder/mw_bg_holder/mw_coin":{"props":{"opacity":[{"frame":0,"value":255},{"frame":0.5,"value":0}]}},"big_win_effect_holder/mw_bg_holder/mw_frame_01":{"props":{"opacity":[{"frame":0,"value":255},{"frame":0.5,"value":0}]}},"big_win_effect_holder/mw_bg_holder/mw_frame_02":{"props":{"opacity":[{"frame":0,"value":255},{"frame":0.5,"value":0}]}},"big_win_effect_holder/mw_bg_holder/mw_rabbit":{"props":{"opacity":[{"frame":0,"value":255},{"frame":0.5,"value":0}]}}},"big_win_effect_holder/mw_bg_holder/bw_vfx_g_add_02",11,[{},"props",11,[{},"color",12,[[[{"frame":0},"value",8,[4,4294967295]],[{"frame":0.5},"value",8,[4,4278190080]]],11,11]]]]]]],0,0,[],[],[]],[[{"name":"bw_vfx_d_screen_05","rect":[503,503,540,400],"offset":[0,0],"originalSize":[540,400],"capInsets":[0,0,0,0]}],[0],0,[0],[0],[2]],[[{"name":"bw_vfx_d_screen_06","rect":[503,1207,540,300],"offset":[0,0],"originalSize":[540,300],"capInsets":[0,0,0,0]}],[0],0,[0],[0],[2]],[[{"name":"bw_vfx_d_screen_04","rect":[1095,1,540,250],"offset":[0,0],"originalSize":[540,250],"rotated":1,"capInsets":[0,0,0,0]}],[0],0,[0],[0],[2]],[[{"name":"bw_vfx_f_add_00021","rect":[491,1,432,488],"offset":[0,0],"originalSize":[432,560],"rotated":1,"capInsets":[0,0,0,0]}],[0],0,[0],[0],[3]],[[{"name":"bw_decimal","rect":[322,311,57,53],"offset":[0,0],"originalSize":[57,53],"capInsets":[0,0,0,0]}],[0],0,[0],[0],[19]],[[{"name":"bw_vfx_g_add_01","rect":[1,1,540,1170],"offset":[0,0],"originalSize":[540,1170],"capInsets":[0,0,0,0]}],[0],0,[0],[0],[4]],[[{"name":"bw_comma","rect":[323,1,52,69],"offset":[0,0],"originalSize":[52,69],"capInsets":[0,0,0,0]}],[0],0,[0],[0],[19]],[[{"name":"bw_vfx_h_screen_02","rect":[1085,2055,540,950],"offset":[0,0],"originalSize":[540,950],"capInsets":[0,0,0,0]}],[0],0,[0],[0],[4]],[[{"name":"mw_frame_02","rect":[759,1581,756,192],"offset":[0,0],"originalSize":[756,194],"capInsets":[0,0,0,0]}],[0],0,[0],[0],[1]],[[{"name":"bw_vfx_d_screen_02","rect":[503,905,540,300],"offset":[0,0],"originalSize":[540,300],"capInsets":[0,0,0,0]}],[0],0,[0],[0],[2]],[[{"name":"bw_vfx_b_add","rect":[1,1,490,700],"offset":[0,0],"originalSize":[490,700],"capInsets":[0,0,0,0]}],[0],0,[0],[0],[2]],[[{"name":"bw_particle_b_screen","rect":[0,0,109,100],"offset":[0,0],"originalSize":[109,100],"capInsets":[0,0,0,0]}],[0],0,[0],[0],[84]],[[{"name":"bw_vfx_k_screen","rect":[1,1205,500,500],"offset":[0,0],"originalSize":[500,500],"capInsets":[0,0,0,0]}],[0],0,[0],[0],[2]],[[{"name":"mw_frame_01","rect":[1028,1374,756,205],"offset":[0,0],"originalSize":[756,205],"capInsets":[0,0,0,0]}],[0],0,[0],[0],[1]],[[{"name":"bw_rabbit","rect":[665,1,420,736],"offset":[0,0],"originalSize":[420,736],"capInsets":[0,0,0,0]}],[0],0,[0],[0],[1]],[[{"name":"default_btn_pressed","rect":[0,0,40,40],"offset":[0,0],"originalSize":[40,40],"capInsets":[12,12,12,12]}],[0],0,[0],[0],[85]],[[{"name":"bw_vfx_e_add_01","rect":[1,1707,540,250],"offset":[0,0],"originalSize":[540,250],"capInsets":[0,0,0,0]}],[0],0,[0],[0],[2]],[[{"name":"bw_a","rect":[1517,1581,378,342],"offset":[0,0],"originalSize":[378,342],"rotated":1,"capInsets":[0,0,0,0]}],[0],0,[0],[0],[1]],[[{"name":"smw_frame_02","rect":[1,1670,756,250],"offset":[0,0],"originalSize":[756,250],"capInsets":[0,0,0,0]}],[0],0,[0],[0],[1]],[[{"name":"default_btn_normal","rect":[0,0,40,40],"offset":[0,0],"originalSize":[40,40],"capInsets":[12,12,12,12]}],[0],0,[0],[0],[86]],[[{"name":"bw_frame_02","rect":[1048,1005,756,160],"offset":[0,0],"originalSize":[756,160],"capInsets":[0,0,0,0]}],[0],0,[0],[0],[1]]]]