[1,["0bv5hkDPZOAJZ7O+146cP2","ecpdLyjvZBwrvm+cedCcQy","72mi98NvRGr4EilxKhMKqB","84dllP3epLNK95pobWmlCf","6cvoB0Ig1J3IAelgU4jz6U","5fXRGo6gZAeL+UhzyT4uId","eb4b1CaYhHnIlHT1zzhOfu","d9v/nHVBdP9ZjiJ9JSkuOw","b3xizEnPBKSLiY6Gufv5oJ","2ew1obNrFGTL3FTUsr5jVc","5fU0cVlqZF8KAY+GHQWyn5","ce2GoQrFhIkaA10vJ0BEjH","7bOzgwNXNF4KbR+ru5xPQH","7a/QZLET9IDreTiBfRn2PD","76qdRJL3pDPKY+Pqx0uY+w","0eTpSPcqtMjbEkSW2x9XNz","84xVkZB+pOJqqcGV5xCaVx","8e/9zhwJJG4rZjJqWOuq9F"],["_textureSetter","value","node","root","cashNoteNode","betDisplayHolder","cashSymbolNode","anim","symbolSpine","symbolHolder","effectForegroundHolder","effectHolder","data","_parent","_spriteFrame","winHighlightBackgroundController","_defaultClip"],["cc.SpriteFrame",["cc.Node",["_name","_prefab","_children","_parent","_components"],2,4,2,1,12],["cc.Node",["_name","_components","_prefab","_contentSize","_parent","_children","_trs"],2,9,4,5,1,2,7],["cc.Sprite",["_sizeMode","_isTrimmedMode","_dstBlendFactor","node","_materials","_spriteFrame"],0,1,3,6],["cc.PrefabInfo",["fileId","root","asset"],2,1,1],["cc.AnimationClip",["_name","_duration","sample","speed","curveData"],-1,11],["cc.Prefab",["_name"],2],["cc.Node",["_name","_parent","_components","_prefab"],2,1,2,4],["bdeb39QjqZCGqs8WlmS8V1a",["node","effectHolder","effectForegroundHolder","symbolHolder","symbolSpine","anim","cashSymbolNode","betDisplayHolder","cashNoteNode","cashNoteSF","winHighlightBackgroundController"],3,1,1,1,1,1,1,1,1,1,3,6],["sp.Skeleton",["_preCacheMode","loop","node","_materials"],1,1,3],["cc.Animation",["node","_clips"],3,1,3]],[[4,0,1,2,2],[1,0,3,1,2],[1,0,3,2,1,2],[5,0,1,2,3,4,5],[6,0,2],[1,0,2,4,1,2],[2,0,5,1,2,3,2],[2,0,4,1,2,3,2],[2,0,4,1,2,3,6,2],[7,0,1,2,3,2],[8,0,1,2,3,4,5,6,7,8,9,10,1],[4,1,2,1],[3,0,1,3,4,3],[3,0,1,3,4,5,3],[3,2,0,1,3,4,4],[9,0,1,2,3,3],[10,0,1,1]],[[[{"name":"wc_wild_sweep_06","rect":[415,203,210,200],"offset":[2,3],"originalSize":[246,234],"capInsets":[0,0,0,0]}],[0],0,[0],[0],[0]],[[{"name":"wc_wild_sweep_07","rect":[203,405,210,200],"offset":[2,3],"originalSize":[246,234],"rotated":1,"capInsets":[0,0,0,0]}],[0],0,[0],[0],[0]],[[{"name":"wc_wild_sweep_02","rect":[425,1,210,200],"offset":[2,3],"originalSize":[246,234],"capInsets":[0,0,0,0]}],[0],0,[0],[0],[0]],[[{"name":"wc_wild_sweep_01","rect":[213,1,210,200],"offset":[2,3],"originalSize":[246,234],"capInsets":[0,0,0,0]}],[0],0,[0],[0],[0]],[[[3,"cash_symbol_collect",0.6111111111111112,18,2,[{},"paths",11,[{"symbol_holder":{"props":{"scale":[]}},"wc_wild_sweep_holder":{"props":{"scale":[]}},"wc_shine":{"props":{"opacity":[],"scale":[]}}},"wc_wild_sweep_holder/wc_wild_sweep",11,[{"props":{}},"comps",11,[{},"cc.Sprite",11,[{},"spriteFrame",12,[[[{"frame":0},"value",6,0],[{"frame":0.05555555555555555},"value",6,1],[{"frame":0.1111111111111111},"value",6,2],[{"frame":0.16666666666666666},"value",6,3],[{"frame":0.2222222222222222},"value",6,4],[{"frame":0.2777777777777778},"value",6,5],[{"frame":0.3333333333333333},"value",6,6],[{"frame":0.3888888888888889},"value",6,7],[{"frame":0.4444444444444444},"value",6,8],[{"frame":0.5},"value",6,9],{"frame":0.5555555555555556,"value":null}],11,11,11,11,11,11,11,11,11,11,0]]]]]]]],0,0,[0,0,0,0,0,0,0,0,0,0],[1,1,1,1,1,1,1,1,1,1],[3,4,5,6,7,8,9,10,11,12]],[[{"name":"wc_wild_sweep_09","rect":[405,607,210,200],"offset":[2,3],"originalSize":[246,234],"capInsets":[0,0,0,0]}],[0],0,[0],[0],[0]],[[[4,"high_payout_effect_player"],[5,"high_payout_effect_player",[-12,-13,-14,-15],[[[10,-10,-9,-8,-7,-6,-5,-4,-3,-2,[7,8],5],-11],4,1],[11,-1,0]],[6,"s_cash",[-17,-18],[[12,2,false,-16,[3]]],[0,"b3XL+qfs5K9qB7dtBmxGoI",1,0],[5,330,330]],[2,"symbol_holder",1,[-19,2],[0,"3f66qoX/VGf6PvNXTQxfJe",1,0]],[7,"s_cash_note",2,[[13,2,false,-20,[1],2]],[0,"dfbBHUf/NBQaZl0sF7oqqF",1,0],[5,330,330]],[1,"effect_holder",1,[0,"19niJxHm9GXYMnoksrQPtR",1,0]],[9,"symbol_spine",3,[-21],[0,"fbFYe4T8RDxoUUskDJQrLw",1,0]],[15,0,false,6,[0]],[1,"bet_display_holder",2,[0,"53IxmwAJVEc76+EPf5F7Dq",1,0]],[1,"effect_foreground_holder",1,[0,"97MPbNrCVNK5dZmBbq76PB",1,0]],[2,"wc_wild_sweep_holder",1,[-22],[0,"3baxBRSwJHMINUcf9bjS2m",1,0]],[8,"wc_wild_sweep",10,[[14,1,2,false,-23,[4]]],[0,"a3g8/fMJRFA7Np5KnedE1a",1,0],[5,40,40],[0,0,0,0,0,0,1,1.43,1.43,1]],[16,1,[6]]],0,[0,3,1,0,4,4,0,5,8,0,6,2,0,7,12,0,8,7,0,9,3,0,10,9,0,11,5,0,2,1,0,-2,12,0,-1,5,0,-2,3,0,-3,9,0,-4,10,0,2,2,0,-1,4,0,-2,8,0,-1,6,0,2,4,0,-1,7,0,-1,11,0,2,11,0,12,1,2,13,3,23],[0,0,0,0,0,0,0,0,0,12],[-1,-1,14,-1,-1,15,-1,-1,-2,16],[13,1,14,1,1,15,2,16,17,2]],[[{"name":"wc_wild_sweep_00","rect":[1,1,210,200],"offset":[2,3],"originalSize":[246,234],"capInsets":[0,0,0,0]}],[0],0,[0],[0],[0]],[[{"name":"wc_wild_sweep_05","rect":[203,203,210,200],"offset":[2,3],"originalSize":[246,234],"capInsets":[0,0,0,0]}],[0],0,[0],[0],[0]],[[{"name":"wc_wild_sweep_08","rect":[405,405,210,200],"offset":[2,3],"originalSize":[246,234],"capInsets":[0,0,0,0]}],[0],0,[0],[0],[0]],[[{"name":"wc_wild_sweep_04","rect":[1,415,210,200],"offset":[2,3],"originalSize":[246,234],"rotated":1,"capInsets":[0,0,0,0]}],[0],0,[0],[0],[0]],[[{"name":"wc_wild_sweep_03","rect":[1,203,210,200],"offset":[2,3],"originalSize":[246,234],"rotated":1,"capInsets":[0,0,0,0]}],[0],0,[0],[0],[0]]]]