[1,["81o0nnmINBrZeqvCujEk5F","67Z4ess41LfZhfn2aqY1t0","05KXpptB5O65wEn794cW+4","1fegDEvd1P3IebBK9Alj+p","31p2jHcvtPC41UytwseayR","39cgu+0n5A449WsOAxlWZm","4a06uu5zdPU5heWHYjZJ6w","1btApXwwFKlKhm2jcpwmKa","edOZ/RBDNBoYeiGsSzXDlZ","40s1JKbcdOlYAZrleauYXs","bfu+eXS7RBxZXjSJSuopKq","14ifvW9YtMIabNHYjSaETJ","25wgCNmvBBIpWBVgpOGNrX","5d4fqCsgBFJ5rpjJDo7ZGv","cfxhppmIlEMKnWdRNPgh9z","80F7eEP+1Ch6Qm0a+x/Jf+","11UjH08VlDepEOVDhZem8u","67b3lNaIRPCbPrQDzyUn0c","8e9chh9pJBhY+tOSOZdPHt","c0JaSndCFNLKof3E5u7y35","e9x5Rnoy1DYrFOh5t7nuDm","7epyd2OH1OmITBcp9iX6io","87FPevCytJr7PpnOhfkfg8","f4ZxAvVvlHTo2ZeIY7yeL1","78jSaGz/tImJTF/9xSrz6a","40mYBm0fhHgY/hCGyrPbn4","50e4jL6O9M25v/g7bF9eN8","8d7UyzbshJCJgnOMdBo7Hc","1dr/9cmHRM7KJfDeB8sBC4","6bWlORXjhOSqWgayziLIvl","79IzZjkfJEJo+7NFLyqgEo","05vfEUSRFMHZaJ0QUi27JA","1cFlO49+FF/IJCWmAT9mMD","a4FVw06ZJDeL5ej+eWEQta","c4QX9GxapCiq1+nN4/XUVc","camCUAOaNMXLDhtTqBWVbP","03Oh5GUPdPbKysjyIHSCUS","b1qOxD3BxJTLXHLWLWed2B"],["_textureSetter","node","root","numDisplayNode","numberContainer","data"],["cc.SpriteFrame",["cc.Prefab",["_name"],2],["cc.Node",["_name","_components","_prefab","_contentSize"],2,9,4,5],["007d6r/8BREiYaq4LTKz0Sj",["node","numDisplayNode","yellowNum","redNum","purpleNum"],3,1,1,3,3,3],["e13cc9FLShL66GevrFVSv5p",["maxContainerSize","nodeNumberWidth","nodeNumberScale","commaWidth","commaY","commaScale","decimalWidth","decimalY","decimalScale","decimalNumberWidth","decimalNumberScale","multiplySpriteWidth","multiplySpriteScale","node","numberContainer"],-10,1,1],["cc.PrefabInfo",["root","asset"],3,1,1]],[[1,0,2],[2,0,1,2,3,2],[3,0,1,2,3,4,1],[4,0,1,2,3,4,5,6,7,8,9,10,11,12,13,14,14],[5,0,1,1]],[[[{"name":"purple_comma","rect":[386,1,19,25],"offset":[0,0],"originalSize":[19,25],"capInsets":[0,0,0,0]}],[0],0,[0],[0],[0]],[[{"name":"purple_5","rect":[205,1,37,57],"offset":[0,0],"originalSize":[37,57],"capInsets":[0,0,0,0]}],[0],0,[0],[0],[0]],[[{"name":"red_2","rect":[166,1,37,57],"offset":[0,0],"originalSize":[37,57],"capInsets":[0,0,0,0]}],[0],0,[0],[0],[1]],[[{"name":"purple_6","rect":[283,1,36,57],"offset":[0,0],"originalSize":[36,57],"capInsets":[0,0,0,0]}],[0],0,[0],[0],[0]],[[{"name":"purple_2","rect":[166,1,37,57],"offset":[0,0],"originalSize":[37,57],"capInsets":[0,0,0,0]}],[0],0,[0],[0],[0]],[[{"name":"red_decimal","rect":[386,28,20,17],"offset":[0,0],"originalSize":[20,17],"rotated":1,"capInsets":[0,0,0,0]}],[0],0,[0],[0],[1]],[[{"name":"purple_0","rect":[43,1,39,57],"offset":[0,0],"originalSize":[39,57],"capInsets":[0,0,0,0]}],[0],0,[0],[0],[0]],[[{"name":"purple_3","rect":[84,1,39,57],"offset":[0,0],"originalSize":[39,57],"capInsets":[0,0,0,0]}],[0],0,[0],[0],[0]],[[{"name":"red_comma","rect":[386,1,19,25],"offset":[0,0],"originalSize":[19,25],"capInsets":[0,0,0,0]}],[0],0,[0],[0],[1]],[[{"name":"purple_4","rect":[1,1,40,57],"offset":[0,0],"originalSize":[40,57],"capInsets":[0,0,0,0]}],[0],0,[0],[0],[0]],[[{"name":"red_7","rect":[321,1,36,57],"offset":[0,0],"originalSize":[36,57],"capInsets":[0,0,0,0]}],[0],0,[0],[0],[1]],[[{"name":"red_1","rect":[359,1,25,57],"offset":[0,0],"originalSize":[25,57],"capInsets":[0,0,0,0]}],[0],0,[0],[0],[1]],[[{"name":"red_8","rect":[125,1,39,57],"offset":[0,0],"originalSize":[39,57],"capInsets":[0,0,0,0]}],[0],0,[0],[0],[1]],[[{"name":"purple_1","rect":[359,1,25,57],"offset":[0,0],"originalSize":[25,57],"capInsets":[0,0,0,0]}],[0],0,[0],[0],[0]],[[{"name":"red_4","rect":[1,1,40,57],"offset":[0,0],"originalSize":[40,57],"capInsets":[0,0,0,0]}],[0],0,[0],[0],[1]],[[[0,"bet_display_controller"],[1,"bet_display_controller",[[2,-3,-2,[0,1,2,3,4,5,6,7,8,9,10,11],[12,13,14,15,16,17,18,19,20,21,22,23],[24,25,26,27,28,29,30,31,32,33,34,35]],[3,240,60,1.5,28,-20,1.5,28,-20,1.5,60,1.5,0,0,-5,-4]],[4,-1,0],[5,240,120]]],0,[0,2,1,0,3,1,0,1,1,0,4,1,0,1,1,0,5,1,5],[0,0,0,0,0,0,0,0,0,0,0,0,0,0,0,0,0,0,0,0,0,0,0,0,0,0,0,0,0,0,0,0,0,0,0,0],[-1,-2,-3,-4,-5,-6,-7,-8,-9,-10,-11,-12,-1,-2,-3,-4,-5,-6,-7,-8,-9,-10,-11,-12,-1,-2,-3,-4,-5,-6,-7,-8,-9,-10,-11,-12],[2,3,4,5,6,7,8,9,10,11,12,13,14,15,16,17,18,19,20,21,22,23,24,25,26,27,28,29,30,31,32,33,34,35,36,37]],[[{"name":"purple_7","rect":[321,1,36,57],"offset":[0,0],"originalSize":[36,57],"capInsets":[0,0,0,0]}],[0],0,[0],[0],[0]],[[{"name":"purple_decimal","rect":[386,28,20,17],"offset":[0,0],"originalSize":[20,17],"rotated":1,"capInsets":[0,0,0,0]}],[0],0,[0],[0],[0]],[[{"name":"red_5","rect":[205,1,37,57],"offset":[0,0],"originalSize":[37,57],"capInsets":[0,0,0,0]}],[0],0,[0],[0],[1]],[[{"name":"purple_8","rect":[125,1,39,57],"offset":[0,0],"originalSize":[39,57],"capInsets":[0,0,0,0]}],[0],0,[0],[0],[0]],[[{"name":"purple_9","rect":[244,1,37,57],"offset":[0,0],"originalSize":[37,57],"capInsets":[0,0,0,0]}],[0],0,[0],[0],[0]],[[{"name":"red_0","rect":[43,1,39,57],"offset":[0,0],"originalSize":[39,57],"capInsets":[0,0,0,0]}],[0],0,[0],[0],[1]],[[{"name":"red_6","rect":[283,1,36,57],"offset":[0,0],"originalSize":[36,57],"capInsets":[0,0,0,0]}],[0],0,[0],[0],[1]],[[{"name":"red_9","rect":[244,1,37,57],"offset":[0,0],"originalSize":[37,57],"capInsets":[0,0,0,0]}],[0],0,[0],[0],[1]]]]