[1,["b1/xtGhIdMyrZ93Kyil3HN"],["_textureSetter"],["cc.SpriteFrame"],0,[[[{"name":"bw_6","rect":[219,1,102,153],"offset":[0,0],"originalSize":[102,153],"capInsets":[0,0,0,0]}],[0],0,[0],[0],[0]],[[{"name":"bw_9","rect":[218,311,102,153],"offset":[0,0],"originalSize":[102,153],"capInsets":[0,0,0,0]}],[0],0,[0],[0],[0]],[[{"name":"bw_4","rect":[1,1,110,153],"offset":[0,0],"originalSize":[110,153],"capInsets":[0,0,0,0]}],[0],0,[0],[0],[0]],[[{"name":"bw_7","rect":[217,156,102,153],"offset":[0,0],"originalSize":[102,153],"capInsets":[0,0,0,0]}],[0],0,[0],[0],[0]],[[{"name":"bw_3","rect":[110,311,106,153],"offset":[0,0],"originalSize":[106,153],"capInsets":[0,0,0,0]}],[0],0,[0],[0],[0]],[[{"name":"bw_5","rect":[113,1,104,153],"offset":[0,0],"originalSize":[104,153],"capInsets":[0,0,0,0]}],[0],0,[0],[0],[0]],[[{"name":"bw_0","rect":[1,311,107,153],"offset":[0,0],"originalSize":[107,153],"capInsets":[0,0,0,0]}],[0],0,[0],[0],[0]],[[{"name":"bw_2","rect":[111,156,104,153],"offset":[0,0],"originalSize":[104,153],"capInsets":[0,0,0,0]}],[0],0,[0],[0],[0]],[[{"name":"bw_8","rect":[1,156,108,153],"offset":[0,0],"originalSize":[108,153],"capInsets":[0,0,0,0]}],[0],0,[0],[0],[0]],[[{"name":"bw_1","rect":[321,156,73,153],"offset":[0,0],"originalSize":[73,153],"capInsets":[0,0,0,0]}],[0],0,[0],[0],[0]]]]