[1,["ecpdLyjvZBwrvm+cedCcQy","b2aHrECZ5APKGS/0d2hvT1","72YtJx3iJP2pUJ+WWv5Ta4","d0qC05vt5GxLaYyB/w3t//","1f7A7pVq1KdYZEGSQ1TH9j","47LfXTNedBhJ5sf0G+5l7j","3aRcY12idHmZlaRcnjevQU"],["_file","_spriteFrame","root","node","data","_textureSetter","burstParticle","tailParticle","headParticle","spriteFrame","particleEffectPrefab"],[["cc.ParticleSystem",["_dstBlendFactor","_custom","emissionRate","life","lifeVar","angle","angleVar","startSizeVar","emitterMode","speed","speedVar","tangentialAccel","endRadius","_stopped","tangentialAccelVar","radialAccel","radialAccelVar","startSize","_positionType","playOnLoad","totalParticles","duration","node","_materials","_startColor","_startColorVar","_endColor","_endColorVar","gravity","posVar"],-19,1,3,8,8,8,8,5,5],"cc.SpriteFrame",["cc.Node",["_name","_components","_prefab","_children"],2,9,4,2],["cc.PrefabInfo",["fileId","root","asset"],2,1,1],["cc.Prefab",["_name"],2],["cc.Node",["_name","_parent","_components","_prefab"],2,1,2,4],["b44d3EGksxAh7ECo6JjLYji",["node","headParticle","tailParticle","burstParticle"],3,1,1,1,1],["cc.ParticleAsset",["_name","_native"],1],["17787oSwvlIBpHt0TCEuoxL",["node","particleEffectPrefab"],3,1,6]],[[5,0,1,2,3,2],[3,0,1,2,2],[4,0,2],[3,1,2,1],[2,0,3,1,2,2],[2,0,1,2,2],[6,0,1,2,3,1],[0,0,1,13,2,3,4,5,6,7,18,8,9,10,11,14,15,16,12,22,23,24,25,26,27,29,28,19],[0,0,1,13,2,3,4,5,6,17,7,8,9,10,11,14,15,16,12,22,23,24,25,26,27,29,28,19],[0,0,1,19,20,21,2,3,4,5,6,17,7,8,9,10,11,12,22,23,24,25,26,27,28,18],[7,0,1,3],[8,0,1,1]],[[[[2,"sym_collect_particle"],[4,"sym_collect_particle",[-6,-7,-8],[[6,-5,-4,-3,-2]],[3,-1,0]],[0,"particle_head",1,[-9],[1,"064W9S45lEp4lMwpfuFgoh",1,0]],[7,1,true,false,400,0.15,0.05,0,360,30,1,1,0,190.7899932861328,-92.11000061035156,65.79000091552734,-671.0499877929688,65.79000091552734,20,2,[0],[4,4289374890],[4,0],[4,4278190080],[4,0],[0,10,10],[0,0.25,0.8600000143051147]],[0,"particle_tail",1,[-10],[1,"c77/8wNWhOuaYI5T9IuLPX",1,0]],[8,1,true,false,400,0.15,0.05,0,360,35,15,1,0,190.7899932861328,-92.11000061035156,65.79000091552734,-671.0499877929688,65.79000091552734,20,4,[1],[4,4289374890],[4,0],[4,4278190080],[4,0],[0,10,10],[0,0.25,0.8600000143051147]],[0,"particle_burst",1,[-11],[1,"5deWjBU5VA95qiZjbCM0ds",1,0]],[9,1,true,false,30,0.1,50,0.2,0.1,0,360,40,15,1,200,0,0,120,6,[2],[4,4294967295],[4,0],[4,4278190080],[4,0],[0,500,500]]],0,[0,2,1,0,6,7,0,7,5,0,8,3,0,3,1,0,-1,2,0,-2,4,0,-3,6,0,-1,3,0,-1,5,0,-1,7,0,4,1,11],[0,0,0,3,3,5,5,7,7],[-1,-1,-1,0,1,0,1,0,1],[0,0,0,1,2,1,2,1,2]],[[{"name":"atom","rect":[0,0,31,31],"offset":[0,0],"originalSize":[31,31],"capInsets":[0,0,0,0]}],[1],0,[0],[5],[3]],[[{"name":"wc_particle","rect":[0,0,25,25],"offset":[0,0],"originalSize":[25,25],"capInsets":[0,0,0,0]}],[1],0,[0],[5],[4]],[[[10,"atom",".plist"],-1],0,0,[0],[9],[5]],[[[2,"sym_collect_effect_controller"],[5,"sym_collect_effect_controller",[[11,-2,0]],[3,-1,0]]],0,[0,2,1,0,3,1,0,4,1,2],[0],[10],[6]]]]