[1,["ecpdLyjvZBwrvm+cedCcQy","d7eU46lhNPpb5GO0TFZmiA","5fQXsB3HNLioqP0LFD4uC2","84cPDrFY5MAZHoEUX1Cy+9","ffsCUnSVdBIYhMJJz9puNf","34aWifr2RElbZq7yOjalm+","f9bWWoiu1DxKCebHTIoW9g","cfYpUbSqBEp5aAiLL00ivp","29RuQ2edNDcLpiCvkFPJT0","5cSrlrLXdF14sU0UkxsX8y","91uBO7F8lNZLweYdK8Ol26","e1JVLvFDBB75XnywqVNBIs","e8AM8b2ulE3JbKgKy+Rrv2","80PY5riVxN8LDNbkn+yPEV","9ekPg1wHNMjpY29J61UHih","11qWrPc79DRLK56hRGevC0","8e5duwylpKl4s6X/PlO86B","d6Fc7NuFtAdbM9BtoGMyGN","279a6GBohDxogYB4j0afIZ","91ZJpqV6hFMra8iNl1UX9n","7bUZbZL4NBEZ1OX0BNqOMt","15wo2yekhKa416ome8EH3b","62WZ/pJ1tMZZ5zmLjzZsvF","2fpl3MgzpJKr7AZ/TLMIv+","5e/B/G+GlMY6hkiwomR1GT","0cppfErZVMfo3Yd5gYaGdN","3cgCycifBLN71D+tk4F+fP","7eu9mjhN5KiqMn4oeykuwB"],["_textureSetter","node","_spriteFrame","value","root","particleAnimA","data","_defaultClip"],["cc.SpriteFrame",["cc.Node",["_name","_opacity","_components","_prefab","_parent","_contentSize","_trs","_children","_color"],1,9,4,1,5,7,2,5],["cc.Sprite",["_sizeMode","_isTrimmedMode","_dstBlendFactor","_srcBlendFactor","node","_materials","_spriteFrame"],-1,1,3,6],["cc.PrefabInfo",["fileId","root","asset"],2,1,1],["cc.Prefab",["_name"],2],["cc.Node",["_name","_opacity","_parent","_components","_prefab","_contentSize","_trs"],1,1,12,4,5,7],["f5565R50WtPXJ6S5IsoZ1tI",["node","lightNodes","growNodes","nodeBwVfxI","particleAnimA"],3,1,2,2,2,1],["cc.Animation",["node","_clips"],3,1,3],["cc.AnimationClip",["_name","_duration","sample","wrapMode","curveData"],-1,11]],[[3,0,1,2,2],[2,3,2,0,1,4,5,6,5],[1,0,4,2,3,8,5,6,2],[1,0,1,4,2,3,5,6,3],[4,0,2],[1,0,7,2,3,2],[1,0,4,2,3,5,6,2],[5,0,1,2,3,4,5,6,3],[6,0,1,2,3,4,1],[3,1,2,1],[2,2,0,1,4,5,6,4],[2,0,1,4,5,6,3],[7,0,1,1],[8,0,1,2,3,4,5]],[[[{"name":"bg_particle_a_add_04","rect":[1503,1,756,540],"offset":[0,3],"originalSize":[756,564],"rotated":1,"capInsets":[0,0,0,0]}],[0],0,[0],[0],[2]],[[{"name":"bg_glow_vfx_b_screen","rect":[1,401,540,398],"offset":[0,0],"originalSize":[540,398],"rotated":1,"capInsets":[0,0,0,0]}],[0],0,[0],[0],[1]],[[{"name":"ui_gate","rect":[1,757,959,1117],"offset":[0,0],"originalSize":[959,1117],"capInsets":[0,0,0,0]}],[0],0,[0],[0],[5]],[[{"name":"bg_lights_vfx_c_screen","rect":[1085,1,148,235],"offset":[0,0],"originalSize":[148,235],"capInsets":[0,0,0,0]}],[0],0,[0],[0],[1]],[[{"name":"bg_particle_a_add_02","rect":[1501,759,746,532],"offset":[-2,-5],"originalSize":[756,564],"rotated":1,"capInsets":[0,0,0,0]}],[0],0,[0],[0],[2]],[[{"name":"bg_particle_a_add_05","rect":[1,1,756,556],"offset":[0,0],"originalSize":[756,564],"capInsets":[0,0,0,0]}],[0],0,[0],[0],[2]],[[{"name":"bg_lights_vfx_d_screen","rect":[1007,641,112,182],"offset":[0,0],"originalSize":[112,182],"capInsets":[0,0,0,0]}],[0],0,[0],[0],[1]],[[{"name":"bg_particle_a_add_03","rect":[743,563,756,536],"offset":[0,-3],"originalSize":[756,564],"capInsets":[0,0,0,0]}],[0],0,[0],[0],[2]],[[{"name":"bg_particle_a_add_01","rect":[1,559,740,550],"offset":[-8,6],"originalSize":[756,564],"capInsets":[0,0,0,0]}],[0],0,[0],[0],[2]],[[[4,"background_controller"],[5,"background_controller",[-19,-20,-21,-22,-23,-24,-25,-26,-27,-28,-29,-30,-31,-32,-33,-34,-35],[[8,-18,[-10,-11,-12,-13,-14,-15,-16,-17],[-6,-7,-8,-9],[-3,-4,-5],-2]],[9,-1,0]],[2,"bg_lights_vfx_a_screen",1,[[1,1,769,2,false,-36,[0],1]],[0,"2eJVQQ+mRP4JkShwSB/mcj",1,0],[4,4278190080],[5,91,92],[17,1150,0,0,0,0,1,2,2,2]],[2,"bg_lights_vfx_b_screen",1,[[1,1,769,2,false,-37,[2],3]],[0,"ceqtioQJ5FrY3YhAJqWAfe",1,0],[4,4278190080],[5,92,221],[476,561,0,0,0,0,1,2,2,2]],[2,"bg_lights_vfx_c_screen",1,[[1,1,769,2,false,-38,[4],5]],[0,"6esUUNNVFHAIKydfDqM5Kw",1,0],[4,4278190080],[5,148,235],[-411,416,0,0,0,0,1,2,2,2]],[2,"bg_lights_vfx_d_screen",1,[[1,1,769,2,false,-39,[6],7]],[0,"02W+AWqrZOE5B5GZGqzMF7",1,0],[4,4278190080],[5,112,182],[-461,1055,0,0,0,0,1,2,2,2]],[2,"bg_lights_vfx_e_screen",1,[[1,1,769,2,false,-40,[8],9]],[0,"54x0fvADJA67Imbvjwa1Lt",1,0],[4,4278190080],[5,140,175],[340,541,0,0,0,0,1,2,2,2]],[2,"bg_lights_vfx_f_screen",1,[[1,1,769,2,false,-41,[10],11]],[0,"b6lVbna1ROwZDKDsYucZE5",1,0],[4,4278190080],[5,207,204],[57,664,0,0,0,0,1,2,2,2]],[2,"bg_lights_vfx_g_screen",1,[[1,1,769,2,false,-42,[12],13]],[0,"f9XcuQukFCuaMHRQPHnAyL",1,0],[4,4278190080],[5,109,177],[-114,1064,0,0,0,0,1,2,2,2]],[2,"bg_lights_vfx_h_screen",1,[[1,1,769,2,false,-43,[14],15]],[0,"47JVQqvB5Nj66r1J8Go9uQ",1,0],[4,4278190080],[5,128,238],[-254,595,0,0,0,0,1,2,2,2]],[2,"bg_glow_vfx_a_screen",1,[[1,1,769,2,false,-44,[16],17]],[0,"47lEDAyeFFqK27rgml3+qj",1,0],[4,4278190080],[5,540,398],[0,896.35,0,0,0,0,1,2.0449,2.0449,2.0449]],[2,"bg_glow_vfx_b_screen",1,[[1,1,769,2,false,-45,[18],19]],[0,"29zYS3px1IGYvYq96o7Ztr",1,0],[4,4278190080],[5,540,398],[0,896.35,0,0,0,0,1,2.0449,2.0449,2.0449]],[2,"bg_glow_vfx_c_screen",1,[[1,1,769,2,false,-46,[20],21]],[0,"9a5NiDmaJAZrKfzVudwrmt",1,0],[4,4278190080],[5,540,398],[0,896.35,0,0,0,0,1,2.0449,2.0449,2.0449]],[2,"bg_glow_vfx_d_screen",1,[[1,1,769,2,false,-47,[22],23]],[0,"f1RKGbRMBPQYXE5IUnEnmg",1,0],[4,4278190080],[5,540,398],[0,896.35,0,0,0,0,1,2.0449,2.0449,2.0449]],[3,"bw_vfx_l_screen_01",0,1,[[1,1,769,2,false,-48,[26],27]],[0,"8ctVdT0lVM+5XEq+X6KG7N",1,0],[5,540,1170],[0,125,0,0,0,0,1,2,2,1]],[3,"bw_vfx_l_screen_02",0,1,[[1,1,769,2,false,-49,[28],29]],[0,"f5RWR6NEZPIZBPO7OvJ2ja",1,0],[5,540,1170],[0,125,0,0,0,0,1,2,2,1]],[3,"bw_vfx_l_screen_03",0,1,[[1,1,769,2,false,-50,[30],31]],[0,"b3AURF7UBPtrC8i7oTy2A+",1,0],[5,540,1170],[0,125,0,0,0,0,1,2,2,1]],[7,"bg_particle_a_add",0,1,[[[10,1,2,false,-51,[32],33],-52],4,1],[0,"a7A+49JKpMs4k96Yb47+Bq",1,0],[5,756,564],[0,800,0,0,0,0,1,1.43,1.43,1]],[6,"ui_gate",1,[[11,2,false,-53,[24],25]],[0,"80kos7g1hEJJazRdkuzWa7",1,0],[5,959,1117],[3,365,0,0,0,0,1,1.43,1.43,1.43]],[12,17,[34]]],0,[0,4,1,0,5,19,0,-1,14,0,-2,15,0,-3,16,0,-1,10,0,-2,11,0,-3,12,0,-4,13,0,-1,2,0,-2,3,0,-3,4,0,-4,5,0,-5,6,0,-6,7,0,-7,8,0,-8,9,0,1,1,0,-1,2,0,-2,3,0,-3,4,0,-4,5,0,-5,6,0,-6,7,0,-7,8,0,-8,9,0,-9,10,0,-10,11,0,-11,12,0,-12,13,0,-13,18,0,-14,14,0,-15,15,0,-16,16,0,-17,17,0,1,2,0,1,3,0,1,4,0,1,5,0,1,6,0,1,7,0,1,8,0,1,9,0,1,10,0,1,11,0,1,12,0,1,13,0,1,14,0,1,15,0,1,16,0,1,17,0,-2,19,0,1,18,0,6,1,53],[0,0,0,0,0,0,0,0,0,0,0,0,0,0,0,0,0,0,0,0,0,0,0,0,0,0,0,0,0,0,0,0,0,0,0,19],[-1,2,-1,2,-1,2,-1,2,-1,2,-1,2,-1,2,-1,2,-1,2,-1,2,-1,2,-1,2,-1,2,-1,2,-1,2,-1,2,-1,2,-1,7],[0,6,0,7,0,8,0,9,0,10,0,11,0,12,0,13,0,14,0,15,0,16,0,17,0,18,0,19,0,20,0,21,0,3,4,4]],[[{"name":"bg_particle_a_add_06","rect":[759,1,742,560],"offset":[-7,2],"originalSize":[756,564],"capInsets":[0,0,0,0]}],[0],0,[0],[0],[2]],[[{"name":"bg_lights_vfx_h_screen","rect":[1003,401,128,238],"offset":[0,0],"originalSize":[128,238],"capInsets":[0,0,0,0]}],[0],0,[0],[0],[1]],[[{"name":"bg_particle_a_add_00","rect":[743,1101,720,498],"offset":[-18,-5],"originalSize":[756,564],"capInsets":[0,0,0,0]}],[0],0,[0],[0],[2]],[[{"name":"bg_glow_vfx_c_screen","rect":[401,401,540,398],"offset":[0,0],"originalSize":[540,398],"rotated":1,"capInsets":[0,0,0,0]}],[0],0,[0],[0],[1]],[[{"name":"bg_lights_vfx_e_screen","rect":[1085,238,140,175],"offset":[0,0],"originalSize":[140,175],"rotated":1,"capInsets":[0,0,0,0]}],[0],0,[0],[0],[1]],[[{"name":"bg_glow_vfx_a_screen","rect":[1,1,540,398],"offset":[0,0],"originalSize":[540,398],"capInsets":[0,0,0,0]}],[0],0,[0],[0],[1]],[[{"name":"bg_lights_vfx_b_screen","rect":[1133,380,92,221],"offset":[0,0],"originalSize":[92,221],"capInsets":[0,0,0,0]}],[0],0,[0],[0],[1]],[[{"name":"bg_glow_vfx_d_screen","rect":[543,1,540,398],"offset":[0,0],"originalSize":[540,398],"capInsets":[0,0,0,0]}],[0],0,[0],[0],[1]],[[{"name":"bg_lights_vfx_f_screen","rect":[801,705,207,204],"offset":[0,0],"originalSize":[207,204],"rotated":1,"capInsets":[0,0,0,0]}],[0],0,[0],[0],[1]],[[{"name":"bg_lights_vfx_g_screen","rect":[1007,825,109,177],"offset":[0,0],"originalSize":[109,177],"rotated":1,"capInsets":[0,0,0,0]}],[0],0,[0],[0],[1]],[[{"name":"bg_lights_vfx_a_screen","rect":[1133,603,91,92],"offset":[0,0],"originalSize":[91,92],"rotated":1,"capInsets":[0,0,0,0]}],[0],0,[0],[0],[1]],[[[13,"bg_particle_a",0.3888888888888889,18,2,[{},"comps",11,[{},"cc.Sprite",11,[{},"spriteFrame",12,[[[{"frame":0},"value",6,0],[{"frame":0.05555555555555555},"value",6,1],[{"frame":0.1111111111111111},"value",6,2],[{"frame":0.16666666666666666},"value",6,3],[{"frame":0.2222222222222222},"value",6,4],[{"frame":0.2777777777777778},"value",6,5],[{"frame":0.3333333333333333},"value",6,6]],11,11,11,11,11,11,11]]]]]],0,0,[0,0,0,0,0,0,0],[3,3,3,3,3,3,3],[3,22,23,24,25,26,27]]]]