[1,["94992YqiFNxqjzygUWfxu0","00WJHM+RJDcZaLZcp4SdC4","f69y6NajVH7a6Ac3Hpo5oW","6dKLhso8RJn5s0rMrHCrQd","11HpMKi+5J2JmrTckYmqHs","a4ql538dpJhIsrjF/U//Ju","a7SC+knF5JkZuq/Tgn3yQH","53C5sQz7FIJ7H2Do/5IV4q","746I5Xv7FLaKY1BGSM+N+O","adp6wwdK9D14d0KCWoDofQ","08xdkp5RpJqrwiTndkhWuh","541als629FdLtGIFdm7Fvz","b5q4dlu2VN1Kq5Ur28UdI8","5bOZn0OQdJyawZiFOFSle/","1ddqfKDlxPtZoKZ9mGuHS9"],["_textureSetter","bw","fs","info_bns","info_bns2","info_main1","info_main2","info_main3","info_tw","info_win","lfs","logo","mw","rfs","smw"],["cc.SpriteFrame",["cc.SpriteAtlas",["_name","_spriteFrames"],2,11]],[[1,0,1,2]],[[[{"name":"bw","rect":[1,609,420,269],"offset":[0,0],"originalSize":[420,269],"capInsets":[0,0,0,0]}],[0],0,[0],[0],[0]],[[{"name":"lfs","rect":[765,420,518,162],"offset":[0,0],"originalSize":[518,162],"rotated":1,"capInsets":[0,0,0,0]}],[0],0,[0],[0],[0]],[[{"name":"info_bns2","rect":[293,943,343,62],"offset":[0,0],"originalSize":[343,62],"capInsets":[0,0,0,0]}],[0],0,[0],[0],[0]],[[{"name":"smw","rect":[1,37,680,288],"offset":[0,0],"originalSize":[680,288],"capInsets":[0,0,0,0]}],[0],0,[0],[0],[0]],[[{"name":"info_main3","rect":[568,327,255,52],"offset":[-1,0],"originalSize":[267,70],"rotated":1,"capInsets":[0,0,0,0]}],[0],0,[0],[0],[0]],[[{"name":"logo","rect":[1,327,565,280],"offset":[0,0],"originalSize":[565,280],"capInsets":[0,0,0,0]}],[0],0,[0],[0],[0]],[[{"name":"rfs","rect":[1,880,290,126],"offset":[0,0],"originalSize":[290,126],"capInsets":[0,0,0,0]}],[0],0,[0],[0],[0]],[[{"name":"info_bns","rect":[929,420,457,32],"offset":[-2,1],"originalSize":[469,70],"rotated":1,"capInsets":[0,0,0,0]}],[0],0,[0],[0],[0]],[[{"name":"info_tw","rect":[638,943,110,60],"offset":[1,2],"originalSize":[112,70],"capInsets":[0,0,0,0]}],[0],0,[0],[0],[0]],[[{"name":"info_main1","rect":[1,1,983,34],"offset":[0,3],"originalSize":[995,70],"capInsets":[0,0,0,0]}],[0],0,[0],[0],[0]],[[{"name":"info_main2","rect":[622,327,235,38],"offset":[-1,3],"originalSize":[245,70],"rotated":1,"capInsets":[0,0,0,0]}],[0],0,[0],[0],[0]],[[{"name":"info_win","rect":[293,880,122,46],"offset":[-1,0],"originalSize":[130,70],"capInsets":[0,0,0,0]}],[0],0,[0],[0],[0]],[[{"name":"mw","rect":[683,37,381,279],"offset":[0,0],"originalSize":[381,279],"rotated":1,"capInsets":[0,0,0,0]}],[0],0,[0],[0],[0]],[[[0,"general.plist",[{},"bw",6,0,"fs",6,1,"info_bns",6,2,"info_bns2",6,3,"info_main1",6,4,"info_main2",6,5,"info_main3",6,6,"info_tw",6,7,"info_win",6,8,"lfs",6,9,"logo",6,10,"mw",6,11,"rfs",6,12,"smw",6,13]]],0,0,[0,0,0,0,0,0,0,0,0,0,0,0,0,0],[1,2,3,4,5,6,7,8,9,10,11,12,13,14],[1,2,3,4,5,6,7,8,9,10,11,12,13,14]],[[{"name":"fs","rect":[423,609,340,332],"offset":[0,0],"originalSize":[340,332],"capInsets":[0,0,0,0]}],[0],0,[0],[0],[0]]]]