[1,["ecpdLyjvZBwrvm+cedCcQy","fa93g638lPXaaoXrlQ5FTW","7a/QZLET9IDreTiBfRn2PD","67b3lNaIRPCbPrQDzyUn0c","05KXpptB5O65wEn794cW+4","1fegDEvd1P3IebBK9Alj+p","31p2jHcvtPC41UytwseayR","39cgu+0n5A449WsOAxlWZm","4a06uu5zdPU5heWHYjZJ6w","1btApXwwFKlKhm2jcpwmKa","edOZ/RBDNBoYeiGsSzXDlZ","40s1JKbcdOlYAZrleauYXs","bfu+eXS7RBxZXjSJSuopKq","14ifvW9YtMIabNHYjSaETJ","342fBu+nBHFJTkP3uzqPhx","c057rgkPBCFat9cdZo2ddL","450vb3ghdLjqiG5mzEr1D3","34aWifr2RElbZq7yOjalm+"],["node","root","data","_spriteFrame","_parent","symbolHolder","cashDescriptionHolder","wildDescriptionHolder","valuesTextHolder","payoutValuesLayout","symbolSpine","backgroundNode","numberContainer","popOutItem","popOutTint","_textureSetter"],[["cc.Node",["_name","_active","_prefab","_contentSize","_components","_children","_parent","_trs","_color","_anchorPoint"],1,4,5,9,2,1,7,5,5],["cc.Layout",["_resize","_N$layoutType","_N$spacingX","_N$affectedByScale","_N$paddingLeft","_N$paddingRight","_N$paddingTop","_N$paddingBottom","_N$spacingY","node","_layoutSize"],-6,1,5],["cc.Node",["_name","_parent","_components","_prefab","_contentSize","_children"],2,1,2,4,5,2],["cc.PrefabInfo",["fileId","root","asset"],2,1,1],["cc.Sprite",["_sizeMode","_isTrimmedMode","_type","node","_materials","_spriteFrame"],0,1,3,6],"cc.SpriteFrame",["cc.Prefab",["_name"],2],["6ae92h9COZH3JCshwkY70lM",["node","backgroundNode","symbolSpine","payoutValuesLayout","valuesTextHolder","wildDescriptionHolder","cashDescriptionHolder","payoutLabelNodes","symbolHolder"],3,1,1,1,1,1,1,1,2,1],["cc.Label",["_string","_lineHeight","_N$horizontalAlign","_N$verticalAlign","_N$overflow","node"],-2,1],["05b6c8yPn1LZIH3AnSTBq8U",["followFont","domainKey","fontFamilyKey","fontKey","_N$colorKey","node"],-2,1],["f5f30hTmFFOcLgg2elp0I0D",["_N$key","node"],2,1],["e13cc9FLShL66GevrFVSv5p",["maxContainerSize","enableComma","enableDecimal","nodeNumberWidth","commaWidth","commaScale","decimalWidth","decimalScale","decimalNumberWidth","decimalNumberScale","multiplySpriteWidth","multiplySpriteScale","blurScale","node","numberContainer","numberSprite"],-10,1,1,3],["sp.Skeleton",["defaultSkin","_preCacheMode","node","_materials"],1,1,3],["e2a80OeanRFHYcOnDitW9KR",["node","popOutItem","popOutTint"],3,1,6,6],["58b31+llD1BAb9tUvY4+l2s",["node"],3,1]],[[3,0,1,2,2],[6,0,2],[3,1,2,1],[0,0,1,6,4,2,8,3,7,3],[0,0,6,4,2,3,2],[8,0,1,2,3,4,5,6],[9,0,1,2,3,4,5,6],[10,0,1,2],[1,0,1,2,3,9,10,5],[4,0,1,3,4,5,3],[0,0,5,4,2,3,2],[0,0,5,4,2,3,9,2],[0,0,4,2,3,9,2],[0,0,6,5,2,3,7,2],[0,0,6,5,2,3,9,7,2],[0,0,6,5,4,2,8,3,7,2],[0,0,6,5,4,2,8,3,9,7,2],[0,0,4,2,3,2],[0,0,4,2,8,3,7,2],[2,0,1,5,2,3,4,2],[2,0,1,2,3,4,2],[7,0,1,2,3,4,5,6,7,8,1],[1,0,1,4,5,6,7,2,8,3,9,10,10],[1,0,1,9,10,3],[11,0,1,2,3,4,5,6,7,8,9,10,11,12,13,14,15,14],[4,2,0,1,3,4,5,4],[12,0,1,2,3,3],[13,0,1,2,1],[14,0,1]],[[[[1,"symbol_pop_out_item"],[10,"symbol_pop_out_item",[-11,-12],[[21,-10,-9,-8,-7,-6,-5,-4,[-3],-2]],[2,-1,0],[5,602.03,281.71]],[19,"payout_value_holder",1,[-14,-15,-16,-17],[-13],[0,"8d+bllTIxL6aWz83ns7YYc",1,0],[5,485,216]],[3,"wild_description_label",false,2,[[5,"Wild symbol substitutes for all symbols except Scatter symbol.",45,1,1,3,-18],[6,true,"game","theme_font_family","theme_font_family","theme_color",-19],[7,"FortuneRabbitPayoutPopOut.WildDescription",-20]],[0,"05/4mafSRCL6HddBIpGzoM",1,0],[4,4280600831],[5,450,135],[90,0,0,0,0,0,1,1,1,1]],[3,"cash_description_label",false,2,[[5,"Cash symbol paid if more than 5",45,1,1,3,-21],[6,true,"game","theme_font_family","theme_font_family","theme_color",-22],[7,"FortuneRabbitPayoutPopOut.CashDescription",-23]],[0,"e2NC/3Ru9BfKYzJpZud9E6",1,0],[4,4280600831],[5,300,135],[90,0,0,0,0,0,1,1,1,1]],[11,"label_groups",[-25,-26],[[22,1,1,10,10,60,60,5,30,true,-24,[5,185,207]]],[0,"c1fZbVtJRBJ4vtlo+xzOiE",1,0],[5,185,207],[0,1,0.5]],[12,"label_body_1",[[24,120,false,false,35,0,0,0,0,0,0,0,0,0,-28,-27,[5,6,7,8,9,10,11,12,13,14]]],[0,"fcHZh58GxBFaWy68VpvOwf",1,0],[5,120,65],[0,1,0.5]],[4,"background",1,[[25,1,0,false,-29,[0],1]],[0,"3dHmFzVS1Oi46FF8CbTFmV",1,0],[5,426,197]],[13,"symbol_holder",2,[-30],[0,"52wNnoboNKcqsoCmLwCuLd",1,0],[5,300,207],[-92.5,0,0,0,0,0,1,1,1,1]],[14,"values_text_holder",2,[5],[0,"80vfYoAG5DfKBKnIa09lxH",1,0],[5,185,229],[0,1,0.5],[242.5,0,0,0,0,0,1,1,1,1]],[15,"symbol_hit_count_label_group",5,[-32],[[8,1,2,24,true,-31,[5,40,57]]],[0,"7b0ePnSKBNxr8ccEbTQhwK",1,0],[4,4291611852],[5,40,57],[-155,0,0,0,0,0,1,1,1,1]],[16,"payout_value_label_group",5,[6],[[8,1,2,24,true,-33,[5,120,65]]],[0,"bdLWFZzX5OMp6em/6feaYx",1,0],[4,4291611852],[5,120,65],[0,1,0.5],[-10,0,0,0,0,0,1,1,1,1]],[20,"symbol_spine",8,[-34],[0,"e69aI3ei1J9Zpk0E3bN9M5",1,0],[5,305,278.5]],[26,"default",0,12,[2]],[4,"label_body_1",10,[[9,2,false,-35,[3],4]],[0,"0b81BfkgpKurc7CQQX6Ii+",1,0],[5,39,57]],[23,1,1,2,[5,485,216]]],0,[0,1,1,0,5,8,0,-1,6,0,6,4,0,7,3,0,8,9,0,9,15,0,10,13,0,11,7,0,0,1,0,-1,7,0,-2,2,0,-1,15,0,-1,8,0,-2,9,0,-3,3,0,-4,4,0,0,3,0,0,3,0,0,3,0,0,4,0,0,4,0,0,4,0,0,5,0,-1,10,0,-2,11,0,12,6,0,0,6,0,0,7,0,-1,12,0,0,10,0,-1,14,0,0,11,0,-1,13,0,0,14,0,2,1,5,4,9,6,4,11,35],[0,0,0,0,0,0,0,0,0,0,0,0,0,0,0],[-1,3,-1,-1,3,-1,-2,-3,-4,-5,-6,-7,-8,-9,-10],[0,1,2,0,3,4,5,6,7,8,9,10,11,12,13]],[[[1,"symbol_payout_controller"],[17,"symbol_payout_controller",[[27,-2,0,1]],[2,-1,0],[5,1080,784]]],0,[0,1,1,0,0,1,0,2,1,2],[0,0],[13,14],[14,15]],[[[1,"symbol_pop_out_tint"],[18,"symbol_pop_out_tint",[[9,2,false,-2,[0],1],[28,-3]],[2,-1,0],[4,4278190080],[5,646,709],[0,0,0,0,0,0,1,1.43,1.43,1]]],0,[0,1,1,0,0,1,0,0,1,0,2,1,3],[0,0],[-1,3],[0,16]],[[{"name":"ui_payout","rect":[253,187,426,197],"offset":[0,0],"originalSize":[426,197],"capInsets":[187,78,187,78]}],[5],0,[0],[15],[17]]]]