[1,["546bc5QC5MvqROwD6OMOt3"],["_textureSetter"],["cc.SpriteFrame"],0,[[[{"name":"yellow_0","rect":[43,1,39,57],"offset":[0,0],"originalSize":[39,57],"capInsets":[0,0,0,0]}],[0],0,[0],[0],[0]],[[{"name":"yellow_9","rect":[244,1,37,57],"offset":[0,0],"originalSize":[37,57],"capInsets":[0,0,0,0]}],[0],0,[0],[0],[0]],[[{"name":"yellow_5","rect":[205,1,37,57],"offset":[0,0],"originalSize":[37,57],"capInsets":[0,0,0,0]}],[0],0,[0],[0],[0]],[[{"name":"yellow_1","rect":[359,1,25,57],"offset":[0,0],"originalSize":[25,57],"capInsets":[0,0,0,0]}],[0],0,[0],[0],[0]],[[{"name":"yellow_2","rect":[166,1,37,57],"offset":[0,0],"originalSize":[37,57],"capInsets":[0,0,0,0]}],[0],0,[0],[0],[0]],[[{"name":"yellow_3","rect":[84,1,39,57],"offset":[0,0],"originalSize":[39,57],"capInsets":[0,0,0,0]}],[0],0,[0],[0],[0]],[[{"name":"yellow_7","rect":[321,1,36,57],"offset":[0,0],"originalSize":[36,57],"capInsets":[0,0,0,0]}],[0],0,[0],[0],[0]],[[{"name":"yellow_4","rect":[1,1,40,57],"offset":[0,0],"originalSize":[40,57],"capInsets":[0,0,0,0]}],[0],0,[0],[0],[0]],[[{"name":"yellow_8","rect":[125,1,39,57],"offset":[0,0],"originalSize":[39,57],"capInsets":[0,0,0,0]}],[0],0,[0],[0],[0]],[[{"name":"yellow_6","rect":[283,1,36,57],"offset":[0,0],"originalSize":[36,57],"capInsets":[0,0,0,0]}],[0],0,[0],[0],[0]]]]