[1,["0alCmfK2dCHpuXJLy8lKjn","17yUxoewRGQ6WoYVncA9IA","9fFVmjcupF97krtHGmdrDc","ecpdLyjvZBwrvm+cedCcQy","450vb3ghdLjqiG5mzEr1D3","28YLXsIApIHYtMBAF//2X0","437wXBvfZCF5X7nhnr8Z+U","b5pz7nqjFIb7g1zbXHJJ9p","05irB2xWNDsaGHPwrikERF","f1NxlzUp5DAK2+b6BTNyk1","611U/f38FCNK24yRBrRfmZ","9cetXPP4JJU5zwgAucbi/A","08uZOXjxpJAoc04Z5gE6re","9ag4nn2CFB44LnCCmYRLzD","3061WKYWFKjZvzdmsiB0Zn","6bkzX0HkNCyIMminluU+5u","08B8LJ+ltAq4Mf+9uTH8OW","c2arbTJuVBW55RyUKzF246","68tbpWVkVO2q1zhOrn2NYm","50h7113oNBCZypdeRbPWQz","e5jlOnFbRJNbRwP5QCd7YT","a8cS5Xd5FMM6jbrAy/OJFK","e4kt476sBBjKr8vvSMQbhP","6c6llhQwZFM5rpHS+UBXnb","d2jmnLApNIxqerGsDdRd/j","dbWJB9oNRMfKVI3GSN9siw","c8QLPd6tpNhoiEQnazlqe9","c8LiGK4dRFe5NrFksQ+Ibc","f05ch1jYxFc4LkywP1amQf","46/+1Q+OlLLZ/BxRKtxkpm","22KWx+/t1Pr6gAcmNXJo4N","05KXpptB5O65wEn794cW+4","1fegDEvd1P3IebBK9Alj+p","31p2jHcvtPC41UytwseayR","39cgu+0n5A449WsOAxlWZm","4a06uu5zdPU5heWHYjZJ6w","1btApXwwFKlKhm2jcpwmKa","edOZ/RBDNBoYeiGsSzXDlZ","40s1JKbcdOlYAZrleauYXs","bfu+eXS7RBxZXjSJSuopKq","14ifvW9YtMIabNHYjSaETJ","25wgCNmvBBIpWBVgpOGNrX","5d4fqCsgBFJ5rpjJDo7ZGv","95veaXoaRHvbvQyTGBeLmV","5fzdsiCjdGRLepL/xWvrgc","a2OnRIlR9LK4QWVw1DWFb5","49Ck2a3DRKIYAqxed1bryS","3exofGgqBLfKXWByQPH335","7dcXdV3P5JcrpOCBVGK5Vh","3dlBiTI/5KH6dOZPtWwHs6","6fFV85OV5Hyqw7xhCWpLF/","7esIU7uMtO5JANQcCtPCVB","32U4uxt9FMr71kpHF0946B","b6VO4RRo9CDIFSszzDNL9g","fa/xWAM3JG/qZmiTZhuLob","e7CSRHuB9GD7B5psPPm/wJ","83bZ+PLeBIML91ASiRHMIB","f2ZpbTqoxOI4TdIV3bwZPY","a58aceNJpFyqqg+XWvvj6C","d6muYJfNtKdre5u0k3u9a2","aegDEHwuhNsYPIOvTPmF4o","65Oomv91FCmolJf+Ttdj9k","69HW+o4N1Cu4bBejQgrabS","b5bmbbGbFLCI20DObpgdHX","c46UT9MlNA8a/pa6EGnCwm","5d1ZrLSRlKVL2iTIKVfbwL","3b4Z/XXFVJ+ZomIeqwG7iF","fbIDAi9ZJHALP7i0eAa9Hf","ee7UUBuPNP9K7OoS+fDhsU","0aXsDx71VMTbS5LiAbn1oF","542XSKdQhI/JeSbzLg5eg9","79sZLgVMFDUICKlP7XA+HY","b1vkZIbxROUqqwMBFp1TpJ","43sij1NZtLqb9zTj2svq0S","003MKPgp1LjY38QbZx1bGR","e7i+J+2EhIlLNdkgiYc/6m","84LhN+oxBNwqatbQ8KfoO2","449WnpDqdE6Z9TOvgRAimf","d8T2pJ2BhHBIkJPm9NvPrH","d4YvW+ujpM47kxIa3yj/Cd","f1c5JTdylE45QIBO2sSdhX","e2VhIrBDRBNYWyXeF43xIv","2cOTqaYGRAQJXl56WRBlO7","e2TtcunHJEFI+fnyj4DRD2","1eQzyBjbRC2IVH/uFyLjIO","34yDga7sBClqo8zIBzfbaM","35ErJG2/NLJ5Qf7O9q5KE3","d7+m6TZ1FEr7GWS/sDJaB4","3aax2F1hRJtbLCcKCmTJak"],["value","_textureSetter","node","root","_spriteFrame","data","_parent","_defaultClip","numberContainer","payline_off_left_1","payline_off_left_10","payline_off_left_2","payline_off_left_3","payline_off_left_4","payline_off_left_5","payline_off_left_6","payline_off_left_7","payline_off_left_8","payline_off_left_9","payline_off_right_1","payline_off_right_10","payline_off_right_2","payline_off_right_3","payline_off_right_4","payline_off_right_5","payline_off_right_6","payline_off_right_7","payline_off_right_8","payline_off_right_9","payline_on_left_1","payline_on_left_10","payline_on_left_2","payline_on_left_3","payline_on_left_4","payline_on_left_5","payline_on_left_6","payline_on_left_7","payline_on_left_8","payline_on_left_9","payline_on_right_1","payline_on_right_10","payline_on_right_2","payline_on_right_3","payline_on_right_4","payline_on_right_5","payline_on_right_6","payline_on_right_7","payline_on_right_8","payline_on_right_9","symHolder","highPayoutEffectController","wildEffectController","winEffectController","lineHeaderPrefab","lineMediumPrefab","lineTailPrefab","payoutAmountPrefab","lineNumberPrefab","paylineNum","lineNumNode"],["cc.SpriteFrame",["cc.Node",["_name","_opacity","_prefab","_contentSize","_parent","_trs","_components","_children","_color","_anchorPoint"],1,4,5,1,7,9,2,5,5],["cc.Node",["_name","_parent","_components","_prefab","_children","_contentSize","_trs"],2,1,2,4,2,5,7],["cc.Sprite",["_sizeMode","_isTrimmedMode","_dstBlendFactor","_srcBlendFactor","_type","node","_spriteFrame","_materials"],-2,1,6,3],["cc.PrefabInfo",["fileId","root","asset"],2,1,1],["e13cc9FLShL66GevrFVSv5p",["maxContainerSize","nodeNumberWidth","commaWidth","commaScale","decimalWidth","decimalScale","decimalNumberWidth","decimalNumberScale","multiplySpriteWidth","multiplySpriteScale","blurScale","nodeNumberScale","commaY","decimalY","layoutSpacingX","enableComma","enableDecimal","node","numberContainer","numberSprite"],-14,1,1,3],["cc.Prefab",["_name"],2],["cc.Animation",["node","_clips","_defaultClip"],3,1,3,6],["275baJMs+tIcoOItOeSbgwO",["node"],3,1],["cc.Widget",["alignMode","_alignFlags","_originalWidth","node"],0,1],["cc.SpriteAtlas",["_name","_spriteFrames"],2,11],["ba0c3cJhmpBO53auqCkHSOr",["node","winEffectController","wildEffectController","highPayoutEffectController","symHolder"],3,1,1,1,1,1],["cc.Mask",["_type","_N$alphaThreshold","node","_materials","_spriteFrame"],1,1,3,6],["e3734XUerFAsJ0KqDp+FJTo",["node"],3,1],["e93d073qIZNRYdY8D9t4OPB",["node"],3,1],["7a5b1M2OJ5Pz58nL61RCvVV",["node","winPaylineHolder"],3,1,1],["79091uX1WBJz71gsp5R0lBt",["node"],3,1],["3cc9dF5wONE27UKdKuOyQoX",["node","lineNumberHolder"],3,1,1],["8c302crh0NNBbQ3RuwPePCX",["node","winPaylineController","winLineNumberController","winLineAmountController","blackMask","winSymbolHolder"],3,1,1,1,1,1,1],["cc.AnimationClip",["_name","_duration","sample","events","curveData"],-1,11],["dddf9Bcjt5O5LcqfDTa6dmL",["node","lineNumNode"],3,1,1]],[[4,0,1,2,2],[6,0,2],[4,0,1,2],[1,0,6,2,8,3,9,5,2],[1,0,7,2,2],[1,0,7,6,2,3,2],[3,3,2,4,0,1,5,6,6],[7,0,1,2,1],[8,0,1],[9,0,1,2,3,4],[4,1,2,1],[19,0,1,2,3,4,5],[1,0,4,6,2,3,5,2],[1,0,4,7,6,2,3,5,2],[1,0,4,2,2],[2,0,1,4,2,3,5,2],[2,0,1,2,3,6,2],[12,0,1,2,3,4,3],[1,0,4,2,3,2],[1,0,1,4,6,2,8,3,5,3],[1,0,4,2,3,5,2],[1,0,4,2,5,2],[2,0,1,4,2,3,2],[2,0,1,2,3,2],[3,3,2,0,1,5,7,6,5],[3,0,1,5,7,6,3],[3,2,0,1,5,7,4],[5,0,1,11,2,12,3,4,13,5,6,7,8,9,14,10,17,18,19,16],[5,0,15,16,1,2,3,4,5,6,7,8,9,10,17,18,14],[10,0,1,2],[11,0,1,2,3,4,1],[13,0,1],[14,0,1],[15,0,1,1],[16,0,1],[17,0,1,1],[18,0,1,2,3,4,5,1],[20,0,1,1]],[[[{"name":"payline_on_right_10","rect":[1,55,52,50],"offset":[0,0],"originalSize":[52,50],"rotated":1,"capInsets":[0,0,0,0]}],[0],0,[0],[1],[0]],[[{"name":"ps_line_04","rect":[20,20,115,17],"offset":[0,1],"originalSize":[127,27],"rotated":1,"capInsets":[0,0,0,0]}],[0],0,[0],[1],[1]],[[{"name":"ps_line_12","rect":[153,20,115,17],"offset":[0,1],"originalSize":[127,27],"rotated":1,"capInsets":[0,0,0,0]}],[0],0,[0],[1],[1]],[[{"name":"ps_line_08","rect":[96,20,115,17],"offset":[0,1],"originalSize":[127,27],"rotated":1,"capInsets":[0,0,0,0]}],[0],0,[0],[1],[1]],[[{"name":"payline_on_left_6","rect":[193,49,35,45],"offset":[0,0],"originalSize":[35,45],"capInsets":[0,0,0,0]}],[0],0,[0],[1],[0]],[[[1,"payline_middle"],[3,"line",[[6,1,769,1,0,false,-2,0],[7,-3,[2],1],[8,-4],[9,2,40,150,-5]],[2,"00nbhMlH5Nw6aW3M3d1R9j",-1],[4,4278190080],[5,0,43],[0,0,0.5],[0,5,0,0,0,0,1,1,1,1]],[4,"payline_middle",[1],[2,"0eU6Pd7TlFb4Bjf45Lgu1s",-6]]],0,[0,3,2,0,2,1,0,2,1,0,2,1,0,2,1,0,3,2,0,5,2,1,6,2,6],[0,0,0],[4,7,-1],[2,26,26]],[[{"name":"mtp_vfx_b_screen","rect":[1,1,756,568],"offset":[0,0],"originalSize":[756,568],"capInsets":[0,0,0,0]}],[0],0,[0],[1],[29]],[[{"name":"ps_line_01","rect":[118,1,115,17],"offset":[0,1],"originalSize":[127,27],"capInsets":[0,0,0,0]}],[0],0,[0],[1],[1]],[[{"name":"payline_on_right_9","rect":[302,46,34,43],"offset":[0,0],"originalSize":[34,43],"capInsets":[0,0,0,0]}],[0],0,[0],[1],[0]],[[{"name":"ps_line_10","rect":[118,137,115,17],"offset":[0,1],"originalSize":[127,27],"capInsets":[0,0,0,0]}],[0],0,[0],[1],[1]],[[{"name":"payline_off_left_9","rect":[351,1,19,36],"offset":[0,0],"originalSize":[19,36],"capInsets":[0,0,0,0]}],[0],0,[0],[1],[0]],[[[1,"payline_tail"],[3,"line",[[6,1,769,1,0,false,-2,0],[7,-3,[2],1],[8,-4],[9,2,40,120,-5]],[2,"8cXDUfN4FF25tQCWd7nufL",-1],[4,4278190080],[5,0,43],[0,0,0.5],[0,5,0,0,0,0,1,1,1,1]],[4,"payline_tail",[1],[2,"9bFH92Z4FKuZiaQTYxBh0G",-6]]],0,[0,3,2,0,2,1,0,2,1,0,2,1,0,2,1,0,3,2,0,5,2,1,6,2,6],[0,0,0],[4,7,-1],[2,27,27]],[[[1,"win_line_amount"],[5,"win_line_amount",[-4,-5],[[27,1080,40,1.2,15,-20,1.2,15,-12,1.2,40,1.2,0,0,3,0,-3,-2,[2,3,4,5,6,7,8,9,10,11,12,13]]],[10,-1,0],[5,200,200]],[12,"amount_bg",1,[[24,1,769,2,false,-6,[0],1]],[0,"7bBSgWbuZGwpVdKBEN2CdA",1,0],[5,756,568],[0,0,0,0,0,0,1,0.4,0.35,1]],[18,"amount_holder",1,[0,"8atxlqBJhLEYZaSt9M5Ukj",1,0],[5,300,200]]],0,[0,3,1,0,8,3,0,2,1,0,-1,2,0,-2,3,0,2,2,0,5,1,6],[0,0,0,0,0,0,0,0,0,0,0,0,0,0],[-1,4,-1,-2,-3,-4,-5,-6,-7,-8,-9,-10,-11,-12],[3,30,31,32,33,34,35,36,37,38,39,40,41,42]],[[[29,"payline_num.plist",[{},"payline_off_left_1",6,0,"payline_off_left_10",6,1,"payline_off_left_2",6,2,"payline_off_left_3",6,3,"payline_off_left_4",6,4,"payline_off_left_5",6,5,"payline_off_left_6",6,6,"payline_off_left_7",6,7,"payline_off_left_8",6,8,"payline_off_left_9",6,9,"payline_off_right_1",6,10,"payline_off_right_10",6,11,"payline_off_right_2",6,12,"payline_off_right_3",6,13,"payline_off_right_4",6,14,"payline_off_right_5",6,15,"payline_off_right_6",6,16,"payline_off_right_7",6,17,"payline_off_right_8",6,18,"payline_off_right_9",6,19,"payline_on_left_1",6,20,"payline_on_left_10",6,21,"payline_on_left_2",6,22,"payline_on_left_3",6,23,"payline_on_left_4",6,24,"payline_on_left_5",6,25,"payline_on_left_6",6,26,"payline_on_left_7",6,27,"payline_on_left_8",6,28,"payline_on_left_9",6,29,"payline_on_right_1",6,30,"payline_on_right_10",6,31,"payline_on_right_2",6,32,"payline_on_right_3",6,33,"payline_on_right_4",6,34,"payline_on_right_5",6,35,"payline_on_right_6",6,36,"payline_on_right_7",6,37,"payline_on_right_8",6,38,"payline_on_right_9",6,39]]],0,0,[0,0,0,0,0,0,0,0,0,0,0,0,0,0,0,0,0,0,0,0,0,0,0,0,0,0,0,0,0,0,0,0,0,0,0,0,0,0,0,0],[9,10,11,12,13,14,15,16,17,18,19,20,21,22,23,24,25,26,27,28,29,30,31,32,33,34,35,36,37,38,39,40,41,42,43,44,45,46,47,48],[43,44,45,46,47,48,49,50,51,52,53,54,55,56,57,58,59,60,61,62,63,64,65,66,67,68,69,70,71,72,73,74,75,76,77,78,79,80,81,82]],[[{"name":"payline_on_left_3","rect":[236,1,35,44],"offset":[0,0],"originalSize":[35,44],"capInsets":[0,0,0,0]}],[0],0,[0],[1],[0]],[[{"name":"payline_off_left_6","rect":[252,95,20,32],"offset":[0,0],"originalSize":[20,32],"capInsets":[0,0,0,0]}],[0],0,[0],[1],[0]],[[{"name":"payline_off_left_4","rect":[390,48,19,32],"offset":[0,0],"originalSize":[19,32],"rotated":1,"capInsets":[0,0,0,0]}],[0],0,[0],[1],[0]],[[{"name":"payline_on_right_1","rect":[91,51,27,48],"offset":[0,0],"originalSize":[27,48],"capInsets":[0,0,0,0]}],[0],0,[0],[1],[0]],[[{"name":"ps_line_02","rect":[1,20,115,17],"offset":[0,1],"originalSize":[127,27],"rotated":1,"capInsets":[0,0,0,0]}],[0],0,[0],[1],[1]],[[{"name":"payline_on_right_4","rect":[230,48,34,45],"offset":[0,0],"originalSize":[34,45],"capInsets":[0,0,0,0]}],[0],0,[0],[1],[0]],[[{"name":"payline_off_left_3","rect":[230,95,20,32],"offset":[0,0],"originalSize":[20,32],"capInsets":[0,0,0,0]}],[0],0,[0],[1],[0]],[[{"name":"ps_line_15","rect":[210,20,115,17],"offset":[0,1],"originalSize":[127,27],"rotated":1,"capInsets":[0,0,0,0]}],[0],0,[0],[1],[1]],[[{"name":"payline_on_left_7","rect":[200,1,34,45],"offset":[0,0],"originalSize":[34,45],"capInsets":[0,0,0,0]}],[0],0,[0],[1],[0]],[[{"name":"payline_on_left_2","rect":[127,1,35,46],"offset":[0,0],"originalSize":[35,46],"capInsets":[0,0,0,0]}],[0],0,[0],[1],[0]],[[{"name":"payline_off_left_10","rect":[320,91,36,38],"offset":[0,0],"originalSize":[36,38],"rotated":1,"capInsets":[0,0,0,0]}],[0],0,[0],[1],[0]],[[{"name":"ps_line_06","rect":[58,20,115,17],"offset":[0,1],"originalSize":[127,27],"rotated":1,"capInsets":[0,0,0,0]}],[0],0,[0],[1],[1]],[[{"name":"payline_off_right_8","rect":[210,96,18,31],"offset":[0,0],"originalSize":[18,31],"capInsets":[0,0,0,0]}],[0],0,[0],[1],[0]],[[{"name":"ps_line_14","rect":[191,20,115,17],"offset":[0,1],"originalSize":[127,27],"rotated":1,"capInsets":[0,0,0,0]}],[0],0,[0],[1],[1]],[[{"name":"payline_off_right_9","rect":[189,97,19,29],"offset":[0,0],"originalSize":[19,29],"capInsets":[0,0,0,0]}],[0],0,[0],[1],[0]],[[{"name":"ps_line_11","rect":[134,20,115,17],"offset":[0,1],"originalSize":[127,27],"rotated":1,"capInsets":[0,0,0,0]}],[0],0,[0],[1],[1]],[[{"name":"ps_line_19","rect":[118,175,115,17],"offset":[0,1],"originalSize":[127,27],"capInsets":[0,0,0,0]}],[0],0,[0],[1],[1]],[[{"name":"payline_off_left_7","rect":[360,90,18,32],"offset":[0,0],"originalSize":[18,32],"capInsets":[0,0,0,0]}],[0],0,[0],[1],[0]],[[[1,"sym_overlay_effect_controller"],[5,"sym_overlay_effect_controller",[-7,-8],[[30,-6,-5,-4,-3,-2]],[10,-1,0],[5,1080,930]],[22,"win_effect_controller",1,[-10,-11,-12,-13,-14],[-9],[0,"afXZUOmMNDxp0otgTiY9Iw",1,0]],[13,"reel_mask",1,[-16,-17,-18],[[17,2,0.8,-15,[0],1]],[0,"60vb1edJlEM4ALf0KZ9j87",1,0],[5,918.06,1001],[0,125,0,0,0,0,1,1,1,1]],[19,"black_mask",0,2,[[25,2,false,-19,[2],3]],[0,"d5UFuNOZJCtIkWoAp1WL5h",1,0],[4,4278190080],[5,643,700],[0,125,0,0,0,0,1,1.43,1.43,1]],[15,"win_payline_controller",2,[-21],[-20],[0,"d5tsCE8qZNBYEcp5p8jiyv",1,0],[5,1080,0]],[13,"reel_mask",2,[-23],[[17,2,0.8,-22,[4],5]],[0,"31dGrkd+dOD6rxNk0JexKC",1,0],[5,918.06,1001],[0,125,0,0,0,0,1,1,1,1]],[15,"win_line_number_controller",2,[-25],[-24],[0,"e0g7XhO5BHV6jvN9vfSSaT",1,0],[5,1080,0]],[20,"symbol_holder",3,[0,"bd0eE82j9EeY6hznJ/4CFU",1,0],[5,1080,971],[0,-125,0,0,0,0,1,1,1,0.6993]],[16,"high_payout_effect_controller",3,[-26],[0,"3dObHs5TRJLLGQnck+IoB7",1,0],[0,-125,0,0,0,0,1,1,1,0.6993]],[31,9],[16,"wild_effect_controller",3,[-27],[0,"edNBi9CFdAKKQbtXKzqwN+",1,0],[0,-125,0,0,0,0,1,1,1,0.6993]],[32,11],[14,"win_payline_holder",5,[0,"0bkdFFwdFOS42MuAScfO9i",1,0]],[33,5,13],[21,"win_symbol_holder",6,[0,"7ePib91NFKe79J8Y/L5g61",1,0],[0,-125,0,0,0,0,1,1,1,1]],[23,"win_line_amount_controller",2,[-28],[0,"a5bL11kHNOPapMnzKufgza",1,0]],[34,16],[14,"win_line_number_holder",7,[0,"79WBl+ItBI4ptarYdlEWgp",1,0]],[35,7,18],[36,2,14,19,17,4,15]],0,[0,3,1,0,49,8,0,50,10,0,51,12,0,52,20,0,2,1,0,-1,3,0,-2,2,0,-1,20,0,-1,4,0,-2,5,0,-3,6,0,-4,16,0,-5,7,0,2,3,0,-1,8,0,-2,9,0,-3,11,0,2,4,0,-1,14,0,-1,13,0,2,6,0,-1,15,0,-1,19,0,-1,18,0,-1,10,0,-1,12,0,-1,17,0,5,1,28],[0,0,0,0,0,0,14,14,14,17,19,19],[-1,4,-1,4,-1,4,53,54,55,56,57,58],[3,4,3,4,3,4,83,84,85,86,87,88]],[[{"name":"payline_on_left_8","rect":[273,1,34,43],"offset":[0,0],"originalSize":[34,43],"capInsets":[0,0,0,0]}],[0],0,[0],[1],[0]],[[{"name":"payline_off_left_5","rect":[37,109,18,33],"offset":[0,0],"originalSize":[18,33],"rotated":1,"capInsets":[0,0,0,0]}],[0],0,[0],[1],[0]],[[{"name":"payline_off_left_8","rect":[1,109,18,34],"offset":[0,0],"originalSize":[18,34],"rotated":1,"capInsets":[0,0,0,0]}],[0],0,[0],[1],[0]],[[{"name":"payline_off_right_3","rect":[372,1,20,33],"offset":[0,0],"originalSize":[20,33],"capInsets":[0,0,0,0]}],[0],0,[0],[1],[0]],[[{"name":"payline_on_right_3","rect":[54,1,35,48],"offset":[0,0],"originalSize":[35,48],"capInsets":[0,0,0,0]}],[0],0,[0],[1],[0]],[[{"name":"payline_off_left_1","rect":[394,1,11,31],"offset":[0,0],"originalSize":[11,31],"rotated":1,"capInsets":[0,0,0,0]}],[0],0,[0],[1],[0]],[[{"name":"ps_line_09","rect":[115,20,115,17],"offset":[0,1],"originalSize":[127,27],"rotated":1,"capInsets":[0,0,0,0]}],[0],0,[0],[1],[1]],[[{"name":"ps_line_07","rect":[77,20,115,17],"offset":[0,1],"originalSize":[127,27],"rotated":1,"capInsets":[0,0,0,0]}],[0],0,[0],[1],[1]],[[{"name":"ps_line_00","rect":[1,1,115,17],"offset":[0,1],"originalSize":[127,27],"capInsets":[0,0,0,0]}],[0],0,[0],[1],[1]],[[{"name":"payline_off_left_2","rect":[108,101,20,33],"offset":[0,0],"originalSize":[20,33],"rotated":1,"capInsets":[0,0,0,0]}],[0],0,[0],[1],[0]],[[{"name":"payline_off_right_5","rect":[380,90,18,32],"offset":[0,0],"originalSize":[18,32],"capInsets":[0,0,0,0]}],[0],0,[0],[1],[0]],[[{"name":"ps_line_17","rect":[118,156,115,17],"offset":[0,1],"originalSize":[127,27],"capInsets":[0,0,0,0]}],[0],0,[0],[1],[1]],[[{"name":"payline_off_right_7","rect":[400,90,18,32],"offset":[0,0],"originalSize":[18,32],"capInsets":[0,0,0,0]}],[0],0,[0],[1],[0]],[[{"name":"payline_on_left_9","rect":[120,51,34,47],"offset":[0,0],"originalSize":[34,47],"capInsets":[0,0,0,0]}],[0],0,[0],[1],[0]],[[{"name":"payline_on_left_1","rect":[143,100,27,44],"offset":[0,0],"originalSize":[27,44],"rotated":1,"capInsets":[0,0,0,0]}],[0],0,[0],[1],[0]],[[{"name":"ps_line_03","rect":[1,137,115,17],"offset":[0,1],"originalSize":[127,27],"capInsets":[0,0,0,0]}],[0],0,[0],[1],[1]],[[{"name":"payline_off_right_1","rect":[376,36,12,32],"offset":[0,0],"originalSize":[12,32],"capInsets":[0,0,0,0]}],[0],0,[0],[1],[0]],[[{"name":"ps_line_13","rect":[172,20,115,17],"offset":[0,1],"originalSize":[127,27],"rotated":1,"capInsets":[0,0,0,0]}],[0],0,[0],[1],[1]],[[{"name":"payline_on_left_10","rect":[1,1,51,52],"offset":[0,0],"originalSize":[51,52],"capInsets":[0,0,0,0]}],[0],0,[0],[1],[0]],[[[11,"payline_tail",1.2222222222222223,18,[{"frame":1.1666666666666667,"func":"onAnimTimeFrameCallback","params":[]}],[{},"comps",11,[{},"cc.Sprite",11,[{},"spriteFrame",12,[[[{"frame":0},"value",6,0],[{"frame":0.05555555555555555},"value",6,1],[{"frame":0.1111111111111111},"value",6,2],[{"frame":0.16666666666666666},"value",6,3],[{"frame":0.2222222222222222},"value",6,4],[{"frame":0.2777777777777778},"value",6,5],[{"frame":0.3333333333333333},"value",6,6],[{"frame":0.3888888888888889},"value",6,7],[{"frame":0.4444444444444444},"value",6,8],[{"frame":0.5},"value",6,9],[{"frame":0.5555555555555556},"value",6,10],[{"frame":0.6111111111111112},"value",6,11],[{"frame":0.6666666666666666},"value",6,12],[{"frame":0.7222222222222222},"value",6,13],[{"frame":0.7777777777777778},"value",6,14],[{"frame":0.8333333333333334},"value",6,15],[{"frame":0.8888888888888888},"value",6,16],[{"frame":0.9444444444444444},"value",6,17],[{"frame":1},"value",6,18],[{"frame":1.0555555555555556},"value",6,19],[{"frame":1.1111111111111112},"value",6,20],[{"frame":1.1666666666666667},"value",6,21]],11,11,11,11,11,11,11,11,11,11,11,11,11,11,11,11,11,11,11,11,11,11]]]]]],0,0,[0,0,0,0,0,0,0,0,0,0,0,0,0,0,0,0,0,0,0,0,0,0],[0,0,0,0,0,0,0,0,0,0,0,0,0,0,0,0,0,0,0,0,0,0],[2,5,6,7,8,9,10,11,12,13,14,15,16,17,18,19,20,21,22,23,24,25]],[[[11,"payline_middle",1.2222222222222223,18,[{"frame":0.16666666666666666,"func":"onAnimTimeFrameCallback","params":[]}],[{},"comps",11,[{},"cc.Sprite",11,[{},"spriteFrame",12,[[[{"frame":0},"value",6,0],[{"frame":0.05555555555555555},"value",6,1],[{"frame":0.1111111111111111},"value",6,2],[{"frame":0.16666666666666666},"value",6,3],[{"frame":0.2222222222222222},"value",6,4],[{"frame":0.2777777777777778},"value",6,5],[{"frame":0.3333333333333333},"value",6,6],[{"frame":0.3888888888888889},"value",6,7],[{"frame":0.4444444444444444},"value",6,8],[{"frame":0.5},"value",6,9],[{"frame":0.5555555555555556},"value",6,10],[{"frame":0.6111111111111112},"value",6,11],[{"frame":0.6666666666666666},"value",6,12],[{"frame":0.7222222222222222},"value",6,13],[{"frame":0.7777777777777778},"value",6,14],[{"frame":0.8333333333333334},"value",6,15],[{"frame":0.8888888888888888},"value",6,16],[{"frame":0.9444444444444444},"value",6,17],[{"frame":1},"value",6,18],[{"frame":1.0555555555555556},"value",6,19],[{"frame":1.1111111111111112},"value",6,20],[{"frame":1.1666666666666667},"value",6,21]],11,11,11,11,11,11,11,11,11,11,11,11,11,11,11,11,11,11,11,11,11,11]]]]]],0,0,[0,0,0,0,0,0,0,0,0,0,0,0,0,0,0,0,0,0,0,0,0,0],[0,0,0,0,0,0,0,0,0,0,0,0,0,0,0,0,0,0,0,0,0,0],[2,5,6,7,8,9,10,11,12,13,14,15,16,17,18,19,20,21,22,23,24,25]],[[{"name":"ps_line_20","rect":[1,194,115,17],"offset":[0,1],"originalSize":[127,27],"capInsets":[0,0,0,0]}],[0],0,[0],[1],[1]],[[{"name":"payline_on_right_6","rect":[156,49,35,46],"offset":[0,0],"originalSize":[35,46],"capInsets":[0,0,0,0]}],[0],0,[0],[1],[0]],[[{"name":"payline_off_right_6","rect":[394,14,20,32],"offset":[0,0],"originalSize":[20,32],"capInsets":[0,0,0,0]}],[0],0,[0],[1],[0]],[[[1,"line_num_holder"],[5,"line_num_holder",[-6],[[37,-3,-2],[28,30,false,false,20,0,0,0,0,0,0,0,0,0,-5,-4]],[10,-1,0],[5,49,49]],[12,"line_number",1,[[26,1,2,false,-7,[0]]],[0,"777EcGPHlL8IlrhmdgcOT8",1,0],[5,52,50],[0,0,0,0,0,0,1,1.5,1.5,1]]],0,[0,3,1,0,59,2,0,2,1,0,8,2,0,2,1,0,-1,2,0,2,2,0,5,1,7],[0],[-1],[3]],[[{"name":"payline_on_right_5","rect":[164,1,34,46],"offset":[0,0],"originalSize":[34,46],"capInsets":[0,0,0,0]}],[0],0,[0],[1],[0]],[[{"name":"ps_line_21","rect":[118,194,115,17],"offset":[0,1],"originalSize":[127,27],"capInsets":[0,0,0,0]}],[0],0,[0],[1],[1]],[[[1,"payline_header"],[3,"line",[[6,1,769,1,0,false,-2,0],[7,-3,[2],1],[8,-4],[9,2,40,120,-5]],[2,"02quAi8xVL9oLkFYtIb/AZ",-1],[4,4278190080],[5,0,43],[0,0,0.5],[0,5,0,0,0,0,1,1,1,1]],[4,"payline_header",[1],[2,"ca8+JEEhpDe5PXo9KrnC/s",-6]]],0,[0,3,2,0,2,1,0,2,1,0,2,1,0,2,1,0,3,2,0,5,2,1,6,2,6],[0,0,0],[4,7,-1],[2,28,28]],[[{"name":"payline_on_right_8","rect":[309,1,40,42],"offset":[0,0],"originalSize":[40,42],"capInsets":[0,0,0,0]}],[0],0,[0],[1],[0]],[[{"name":"ps_line_18","rect":[1,175,115,17],"offset":[0,1],"originalSize":[127,27],"capInsets":[0,0,0,0]}],[0],0,[0],[1],[1]],[[{"name":"ps_line_16","rect":[1,156,115,17],"offset":[0,1],"originalSize":[127,27],"capInsets":[0,0,0,0]}],[0],0,[0],[1],[1]],[[{"name":"payline_off_right_2","rect":[72,105,20,34],"offset":[0,0],"originalSize":[20,34],"rotated":1,"capInsets":[0,0,0,0]}],[0],0,[0],[1],[0]],[[{"name":"payline_on_right_2","rect":[53,55,36,48],"offset":[0,0],"originalSize":[36,48],"capInsets":[0,0,0,0]}],[0],0,[0],[1],[0]],[[{"name":"payline_on_left_5","rect":[91,1,34,48],"offset":[0,0],"originalSize":[34,48],"capInsets":[0,0,0,0]}],[0],0,[0],[1],[0]],[[[11,"payline_header",1.2222222222222223,18,[{"frame":0.1111111111111111,"func":"onAnimTimeFrameCallback","params":[]}],[{},"comps",11,[{},"cc.Sprite",11,[{},"spriteFrame",12,[[[{"frame":0},"value",6,0],[{"frame":0.05555555555555555},"value",6,1],[{"frame":0.1111111111111111},"value",6,2],[{"frame":0.16666666666666666},"value",6,3],[{"frame":0.2222222222222222},"value",6,4],[{"frame":0.2777777777777778},"value",6,5],[{"frame":0.3333333333333333},"value",6,6],[{"frame":0.3888888888888889},"value",6,7],[{"frame":0.4444444444444444},"value",6,8],[{"frame":0.5},"value",6,9],[{"frame":0.5555555555555556},"value",6,10],[{"frame":0.6111111111111112},"value",6,11],[{"frame":0.6666666666666666},"value",6,12],[{"frame":0.7222222222222222},"value",6,13],[{"frame":0.7777777777777778},"value",6,14],[{"frame":0.8333333333333334},"value",6,15],[{"frame":0.8888888888888888},"value",6,16],[{"frame":0.9444444444444444},"value",6,17],[{"frame":1},"value",6,18],[{"frame":1.0555555555555556},"value",6,19],[{"frame":1.1111111111111112},"value",6,20],[{"frame":1.1666666666666667},"value",6,21]],11,11,11,11,11,11,11,11,11,11,11,11,11,11,11,11,11,11,11,11,11,11]]]]]],0,0,[0,0,0,0,0,0,0,0,0,0,0,0,0,0,0,0,0,0,0,0,0,0],[0,0,0,0,0,0,0,0,0,0,0,0,0,0,0,0,0,0,0,0,0,0],[2,5,6,7,8,9,10,11,12,13,14,15,16,17,18,19,20,21,22,23,24,25]],[[{"name":"ps_line_05","rect":[39,20,115,17],"offset":[0,1],"originalSize":[127,27],"rotated":1,"capInsets":[0,0,0,0]}],[0],0,[0],[1],[1]],[[{"name":"payline_on_right_7","rect":[274,93,34,44],"offset":[0,0],"originalSize":[34,44],"rotated":1,"capInsets":[0,0,0,0]}],[0],0,[0],[1],[0]],[[{"name":"payline_off_right_4","rect":[390,69,19,32],"offset":[0,0],"originalSize":[19,32],"rotated":1,"capInsets":[0,0,0,0]}],[0],0,[0],[1],[0]],[[{"name":"payline_off_right_10","rect":[338,45,36,36],"offset":[0,0],"originalSize":[36,36],"capInsets":[0,0,0,0]}],[0],0,[0],[1],[0]],[[{"name":"payline_on_left_4","rect":[266,47,34,44],"offset":[0,0],"originalSize":[34,44],"capInsets":[0,0,0,0]}],[0],0,[0],[1],[0]]]]