{"paths":{"0":["atlas/ru/general",0],"1":["atlas/general",0],"2":["atlas/symbols",0],"3":["audio/mp3/bgm_fs_start_layer",2],"4":["atlas/ko/general",0],"5":["audio/mp3/bgm_bigwin_end",2],"6":["spine/zh/s_wild",0],"7":["lib/setting_menu/texture/landscape/setting_menu_landscape",0],"8":["lib/setting_menu/texture/anim/turbo_vfx",0],"9":["atlas/nl/general",0],"10":["atlas/ro/general",0],"11":["lib/setting_menu/audio/list_item_click",2],"12":["spine/symbols",7],"13":["atlas/ja/general",0],"14":["atlas/de/general",0],"15":["atlas/es/general",0],"16":["atlas/th/general",0],"17":["audio/mp3/bgm_bigwin_main",2],"18":["atlas/vi/general",0],"19":["audio/mp3/bgm_bigwin_cheer",2],"20":["atlas/no/general",0],"21":["atlas/zh/general",0],"22":["lib/setting_menu/texture/hd/zh/setting_menu_locale",0],"23":["lib/setting_menu/texture/hd/setting_menu",0],"24":["spine/s_wild",7],"25":["lib/setting_menu/texture/hd/setting_menu_locale",0],"26":["atlas/special_symbols",0],"27":["lib/setting_menu/audio/menu_icon_press",2],"28":["atlas/pt/general",0],"29":["spine/s_wild",0],"30":["lib/setting_menu/audio/wallet_counting_above",2],"31":["lib/click_effect/texture/click_atlas",0],"32":["atlas/en_stkus/general",0],"33":["atlas/tr/general",0],"34":["spine/symbols",0],"35":["spine/zh/s_wild",7],"36":["atlas/uk/general",0],"37":["atlas/it/general",0],"38":["atlas/da/general",0],"39":["lib/setting_menu/audio/slider_effect",2],"40":["atlas/fr/general",0],"41":["atlas/id/general",0],"42":["atlas/pl/general",0],"43":["atlas/my/general",0],"44":["atlas/fi/general",0],"45":["atlas/sv/general",0],"46":["audio/mp3/general_audio",2],"47":["audio/mp3/bgm_mg",2],"48":["audio/mp3/bgm_fs",2],"49":["atlas/zh/special_symbols",0],"50":["spine/s_wild",6,1],"51":["spine/h_ingot_atlas_symbols",5],"52":["lib/setting_menu/prefab/general/setting_slider_single_num",4],"54":["lib/setting_menu/texture/hd/setting_menu_locale",1],"55":["lib/setting_menu/texture/anim/turbo_icon_up",3],"57":["atlas/ko/general",1],"61":["lib/setting_menu/prefab/others/land/payout_button",4],"63":["lib/setting_menu/prefab/others/rules_button",4],"64":["lib/click_effect/prefab/click_effect_layer",4],"65":["prefab/character_controller",4],"67":["lib/setting_menu/prefab/others/land/more_menu_button",4],"68":["spine/h_carrot_atlas_symbols",5],"69":["prefab/big_win_controller",4],"70":["lib/setting_menu/texture/hd/setting_menu",1],"73":["atlas/nl/general",1],"74":["atlas/sv/general",1],"78":["lib/setting_menu/texture/anim/turbo_lighting_style_3",3],"79":["atlas/zh/special_symbols",1],"82":["atlas/id/general",1],"84":["atlas/fr/general",1],"85":["lib/setting_menu/prefab/others/land/hide_more_menu_button",4],"88":["atlas/ru/general",1],"89":["lib/setting_menu/prefab/general/back_button",4],"90":["spine/h_firecracker_atlas_symbols",5],"91":["prefab/infoboard_controller",4],"94":["atlas/my/general",1],"95":["prefab/symbol_payout_controller",4],"96":["spine/symbols",6,1],"98":["prefab/foreground_effect_controller",4],"100":["lib/setting_menu/prefab/others/land/rules_button",4],"102":["prefab/free_spin_transition_controller",4],"105":["lib/setting_menu/prefab/others/history_button",4],"106":["prefab/background_controller",4],"107":["prefab/spin_button_controller",4],"109":["prefab/sym_overlay_effect_controller",4],"111":["lib/setting_menu/prefab/others/land/sound_button",4],"112":["lib/setting_menu/texture/anim/turbo_vfx",1],"113":["prefab/free_spin_controller",4],"114":["atlas/es/general",1],"115":["atlas/special_symbols",1],"116":["atlas/fi/general",1],"117":["atlas/de/general",1],"118":["lib/setting_menu/prefab/others/turbo_spin_button",4],"120":["lib/setting_menu/prefab/others/land/quit_button",4],"121":["prefab/reel_background_controller",4],"123":["prefab/payout_effect_player/high_payout_effect_player",4],"124":["atlas/pl/general",1],"125":["atlas/zh/general",1],"126":["lib/setting_menu/texture/landscape/setting_menu_landscape",1],"127":["prefab/payout_effect_player/wild_payout_effect_player",4],"129":["atlas/ja/general",1],"130":["spine/h_angbao_atlas_symbols",5],"131":["lib/setting_menu/prefab/others/spin_options_button",4],"132":["prefab/bet_display_controller",4],"133":["lib/setting_menu/prefab/setting_menu/land/setting_menu",4],"135":["lib/setting_menu/prefab/general/setting_slider_num",4],"136":["lib/setting_menu/prefab/others/more_menu_button",4],"139":["lib/setting_menu/prefab/others/land/smartbot_button",4],"140":["lib/setting_menu/prefab/info_footer/setting_info_footer_controller",4],"141":["atlas/no/general",1],"142":["lib/setting_menu/prefab/others/payout_button",4],"144":["lib/setting_menu/texture/anim/turbo_icon_loop",3],"145":["atlas/uk/general",1],"147":["atlas/en_stkus/general",1],"149":["lib/setting_menu/prefab/info_footer/land/setting_info_footer_controller",4],"151":["atlas/tr/general",1],"152":["prefab/sym_collect_effect_controller",4],"154":["lib/setting_menu/prefab/others/quit_button",4],"156":["lib/click_effect/animation/click_effect",3],"159":["lib/setting_menu/texture/anim/turbo_lighting_style_2",3],"160":["spine/h_packet_atlas_symbols",5],"161":["lib/setting_menu/texture/anim/turbo_icon_1st_up",3],"162":["lib/setting_menu/texture/anim/turbo_lighting_style_1",3],"163":["lib/setting_menu/prefab/others/minus_bet_button",4],"164":["lib/click_effect/texture/click_atlas",1],"165":["spine/zh/s_wild",6,1],"166":["lib/setting_menu/prefab/others/hide_more_menu_button",4],"168":["atlas/vi/general",1],"169":["lib/setting_menu/prefab/others/land/max_bet_button",4],"173":["atlas/ro/general",1],"174":["atlas/da/general",1],"175":["spine/s_wild",5],"176":["lib/setting_menu/prefab/setting_menu/setting_menu",4],"177":["atlas/it/general",1],"178":["atlas/pt/general",1],"180":["lib/setting_menu/texture/hd/zh/setting_menu_locale",1],"181":["lib/setting_menu/prefab/others/plus_bet_button",4],"185":["atlas/symbols",1],"186":["lib/setting_menu/prefab/others/land/history_button",4],"188":["lib/setting_menu/prefab/others/sound_button",4],"189":["spine/zh/s_wild",5],"191":["atlas/th/general",1],"192":["spine/h_coins_atlas_symbols",5],"193":["lib/setting_menu/prefab/others/smartbot_button",4],"194":["atlas/general",1]},"types":["cc.Texture2D","cc.SpriteAtlas","cc.AudioClip","cc.AnimationClip","cc.Prefab","sp.SkeletonData","cc.SpriteFrame","cc.Asset"],"uuids":["02W74pibtM/Jckiorklu2H","084mFnPktM0YpAzsrj7qau","0fJWYb9cRHuZw+wzyEOvoD","14Y8DFOCZBWYtNlii0l/b6","1a7onnSIdK9Y2CjCavLVwz","1bsHyYNQVBk76+MaaK0Y2c","1e5s+A0VBIo46Y8MU3a92Q","22lqnZQStKwbp2itKv/jia","31tDZxlrBAMpJvSC5RmZkn","33FLIKPxxLs7f1gf1NsPQl","34Vj9p7nhKdZ2gznuIMd/b","36c3bdBEFIpbaimkDqGWHe","3cfiyt3mtOJJibFVgio+i2","3epvJy4BtIwbXr0s4ykHuw","4c9jhh8jBIHZJLchmAIgpJ","4dFnq0L8VJGqRWbARROFUn","4eTUq13ypKoJ89TInqg4/E","4f3Pp7eRpA4qAFzEkIo/aK","59VpsBubtJZZgVwg344BUT","5annEBb0BD8YquG2Z6FnEL","638oBpz0ZDb4hPx9oZOuVo","68NXrIF8RNZLP0dYmVmKDz","73tULYH41JvpYzLwhm+ddm","755QemO8VKoYn/j8Mchu8M","7cr2M6CkBEv6E6JANgnpHO","873OkQSWVMYI2sOjIYfPfk","8b1PVdJDlFN7YnME6LxSjF","8dQz7gkPNNaahYZ8JS6gup","94992YqiFNxqjzygUWfxu0","9cpwDUmxFC0brDDrh5YU2X","a0PoqT6p1LA4t/JT3G9ozp","a0emHyPaVA67szpITHEsY7","a3Eku4fsFIRJvNhvhBmfiI","a9mjbovq1Bxq/v1GqDVyJr","aeJf9Tcy5HuK9mK5u8jb4N","bavWSXPchDGqXnaBc5LFtq","bbxrXzlwJJTLXMwXVGsVgH","bd4fPV4ANHkJG9IztWyWGK","bezIhjOctCNLB7naEI2Nr7","d0TZJXuUZMu7O/UDk1TLN3","d4O0MeDftKZLSxInQs1w/J","d4760Duv5A6KCBmk8lDzI2","d5WI0VjXFMkJbSR66vAejP","d86U8JmvhD5INn39UyZM2N","d977mDCvRBT5sqSwgKSdvm","dcY2QKGndPpLCgrN+t8gPn","e8NA2t0mtOk4ru6LaliCUM","e9hQhGBKhFN7TysLPbtMWv","f86zUud0xN3IvuNFRFZki0","fcGpg1EdxG/oKpu1zb55Gc","00Z65DaddCEIGbJOFu2g1E","01geg5c4hPJq8mdE8FL8ur","03QEQiHqhPLrQE0HXRDaE2","03VWV9z0NLrbXm4T6vTLqR","05cM49Jd5IPpWsETPQc4tg","08TaJZFSFCTpKM6/2/8Pyp","0alCmfK2dCHpuXJLy8lKjn","0bi5qQtX9FqreUgfPk4NRE","0bv5hkDPZOAJZ7O+146cP2","13Ouzeg/xPv7oJkNkyIKcP","13QxGUh9VLnK69ogRH9YIb","17MsA+5CtIF4/cbSpu+C2a","17yUxoewRGQ6WoYVncA9IA","1a4Ls1X19M477cZ5ZpDVTJ","1dfmTFHexCxpeSh2HrcwrL","1eL+ATyC5Ecrv/OvNeeQag","1f7A7pVq1KdYZEGSQ1TH9j","22gpPiFL9L37CT0qDNokPT","229vSFvWFCZ7PuuZ2Ux7LL","24pPSYbYFD75FZzANDpPhO","27OKpY16NCU4xWpDSxorJZ","273/Vs87tJPbqW/H3si7+b","2bforMo5hDXLQMz7SUA0LD","2bgZxgxYlNH7AqMmXNExLw","2cxtf5Iq9BVKeH6kyftlNn","2erAMXMwRJYL94zXLSnAs7","2fZIIo/zxPPJZQQmLEagTS","34aWifr2RElbZq7yOjalm+","393E3xGRJB6JlOeZ1lhWR0","3bNFPKmvtOv4uy+DTGmBAA","3bj26V0OJJo6oPKdHZ9Ius","3eqmsE8dZNUI9ovrw6vqZ8","3fTy6SRFhNkIkGArvHsYAJ","3f5shNr15G5IgXJ8uT+f9m","40JzZCawpOkYe+kWYcZ9ES","42Jm0++sBKOK7O/gy/BCh0","468ulDQxJGXrCI69wDA3Vt","46/+1Q+OlLLZ/BxRKtxkpm","47OmFcCfhHq74TwV8zhnrS","484KNHTaNDfrM+lf3kJyBr","4c++BKbpxCSoQxqnvZ+vYS","4esqg6R0pEw7Bp9YVdXX7m","546bc5QC5MvqROwD6OMOt3","56db9b3rRPGIf7i7FoxFOE","59BuiKfPVHgqwU5FFSKkeR","5bmmdlEO9MN5RrfHQMqJfg","5eKWLLHMFL671lo/RuDEjU","5fQXsB3HNLioqP0LFD4uC2","5fqTVLKN1CtIzPaBqvxCvL","605m4HVHVKiZ6NZ5sSX2iY","632MF1jC9Ctbhi6DcaVyfg","67Z4ess41LfZhfn2aqY1t0","6aBKAW3sFIkYncisoNR8vq","6a86he5z9ITLcg7IVYTrEi","6eWZxJk4lCh6WyDYtBD4l3","6eX1vHPz1Ppr545GRdbGax","6e5Qdf7hhB55x7bApWoG9W","6fKAnwUzNKVItk8eZnUdvB","6fj+LIOspLTLG+qvB5kevg","70X9W5OhdEeZS+nH2IHhXm","71VhFCTINJM6/Ky3oX9nBT","73xtl+bzVAN4q2K/fwxC6N","75uL6mrWBEb7TB3Kdkr43W","758dtPQ4pC+JE1vlXB3blT","77h2yziCxF8pQURPn4ZCgG","79ehL0OB1OUbb9qxu5r1xB","792S3XAVNMz7goNpGqUU29","7aic9IrfhJf4QsIYGQs6gp","7bR0PPWv9J+64Eu+m6Q3He","7dqn0DXxNFiJeIbXzG7dfu","7eIXa4CpxIu4pq9jsTOyeH","81aaRf1K9E04zJpxlVZ8qQ","81o0nnmINBrZeqvCujEk5F","82pdrjvLdDEoUxyM72/eoQ","843TciCjdKIpWfgziOpgxg","86aHWcHXZBHYCpfdGIUZtR","879q9vbdFE7b9UXnMp4Sii","89TWc3fyVJsZfwIqXORoYo","90vjD6jO5L+4UalZKlyab0","92BtK3m5pPo5sg4gM4LM6c","94G/7aNv5NDKMWzIGevata","95Duaf8flBjrJF7bIIOD36","95dC2sWilAGoCyWp5ovuPO","95gOPzwnlE+o4wdzZRTEzR","9cJ1y3PnlGjI7UKrsD/WDz","9cpeJY8NtGlo2Iz7+hPAmk","9f91nz6mhAzrPCNpRyJmRt","a0Skc3ScFMapK+dliLYghm","a2jXKBS6VKwKoNmwzxk/9r","a465B1mTBI3rT7k2H7Lvkc","a8NGW0Iz5FmoYtp2wWEMdw","a93tDeje1ILJuytDTswplu","ablIS9P4VJn40J2sVTxaW3","adxKo5XjtFSK7kRnBz4/aa","aehRTVPVNHfJ+I3C8T1eE5","afk6mwejdD3Ja8lubuE9dQ","b1/xtGhIdMyrZ93Kyil3HN","b2NwqnmHZLYL+aDCoGccts","b2aHrECZ5APKGS/0d2hvT1","b2xCWA5edC6qr7bo4xjFIH","b4P/PCArtIdIH38t6mlw8Y","b8MjsUB8dLDK1FdhCc5CNK","b8Q396SpNM3oSjlVds5qs4","b9YoWYjzFE4IkoZVFNekV1","b9ZbRiO1BDsLeZTwo8Ic8D","bcQr+wLyNLeKrqFUAe0mJb","bdVzb8341HO5RSqGy4JgSl","bdjX5hMwxHlqjBB7PvJFy2","be1D3WUV1DHpu7MRxRPvd2","bf5Nikv9dO1I6udsDti50h","c03+lU9b1MH6upgLOabDXN","c2Jmi3BXFGkqcqVAqHyNsd","c3ytrgSltFF6os9uyuXTvp","c4SRzEdVxAk4tSp6uRqZgt","c4mnEZNmVD2q8ibELZ5qGd","cbKeCO3K5CD6V6CrwwLOUm","cdBANGEO9AxppkjsqUe/06","d0qC05vt5GxLaYyB/w3t//","d6RRVgr8lLb7XQsZlROogx","d6h3uYavJIarQdfPmBRA8f","d7eU46lhNPpb5GO0TFZmiA","daQXf4EFxEeLJK9HGBuhzz","dcOpUh9pVN+a3D1Ui8Ii4G","ddJQRVoSdLsbzgVx7eYggL","dd/YKzwnpDR4Wu7vGb1JCH","dfZ0t92LRA+LyXd/iPQieY","dfzoz27NJPK6dG2GxfeNRy","e3LgCDWUdIn6J7PnrSN/bB","e3781XmaBJhIhxrfEu+OXz","e5Svp65wVKFoAt9EqidbYP","e7uTB/hGZMt7vnQe6Wcb/J","e7xi6BRfBO1rTP7Nhh3l/s","e8Ueib+qJEhL6mXAHdnwbi","ea/cWDxYhEJYI8kZhbL59A","ebeoo8A3NA9LyKOPPS4l8C","eb6iDUd7FOapW15JRKaeQU","f1UbJM2kpHw5Vly1r9+/OF","f1srp007tDZ7odv/hPJykA","f3dCiTeWBN4qsIWpKKJaiQ","f4q0Ihl6JIJrLiOfJQWVpQ","f6wK/+Ps5Be6s9Bh2MpCM4","f71q41DEZB6K/Z9+n7zwpC","faRh6il+5Ab5wlX/YuegTR","fdMZfeRqZCmq73xtPD7qp+","fd6LslkeZPQLo80iCyMvAI","00GJVNTj9G9ZqFidm/I3pB","00WJHM+RJDcZaLZcp4SdC4","00gSQq855P7bNRskosQlAL","00oJD/yg5Fh7QZ4Bep80rc","003MKPgp1LjY38QbZx1bGR","01rEygRetOrr7iM1YPkU6/","02S3CdnXdEyI/cy+/Wl2Nv","02TPFSq1JM3aONLfQPxUmC","02bM3VvW9DjpOxq3zkHJ/H","02bTxOJVpJA78Hs2CGnGuv","02delMVqdBD70a/HSD99FK","03GD+9xAtGFrCioz3yoOaz","03Oh5GUPdPbKysjyIHSCUS","03V+unjf9OVpcA2tyK5QhB","03pBngHx1GB7mRrpyMbka6","031A2M/ZZLEZ0tfI1tAiin","04Z7X6JD5Ht7sdYs+6MC5O","04gde1+CdLPr0/scsjyaYn","04oDxphxxIyKifXsAId6F/","04sg1kHWBNzZMXIArRc6Ah","045JtZCstIxbKqBxa9Hc4Q","05KXpptB5O65wEn794cW+4","05Lux88jZAPL5jCO4zNWFu","05M6zESFZIeZYHXMYivhl7","05irB2xWNDsaGHPwrikERF","05vfEUSRFMHZaJ0QUi27JA","05w2aMBuxOL4Ee8aA6pVNR","06BGJsBrxOGpZBb2PserPE","06BTKTsd1GJ6e4GKcenxi6","06fDmjbhVPkI9gr5tcao44","06wtiRUtZES7MOLhRD68lL","07IF+nRsVBPYnf50u8nSRm","077HRNnyRNxb17fl94e43B","079dCHbdZDyIQo6A87Rqcb","08Ao1CoClC26nS5eoCT+OB","08B8LJ+ltAq4Mf+9uTH8OW","08PseHTchPFodxRigO/JUs","08uZOXjxpJAoc04Z5gE6re","08vfPoEhdHhoWE2TMh4T0v","08xdkp5RpJqrwiTndkhWuh","09g9qPnupBaalxU6kz5FHp","0aU7/ihllBzJhoui1LX26s","0aXsDx71VMTbS5LiAbn1oF","0aw0ksrKFA5YCB5XGJzWMB","0a7CNKk65NJpWqNhBIdLQ9","0bMLJ7JDlGroA27jJQOqSM","0bU2pE81dIMrXhEzkTgSXc","0beA3Tv2NPSqK+cQohZwQO","0b8lFEkqJBVIGYfoU2bmsN","0cGDdAxHxAzqyYTJvjKSeI","0cR2IeUq5MGJeC+xI/5aKt","0cppfErZVMfo3Yd5gYaGdN","0c+MKnvhRKeqwNx5wqVf8K","0dAyFzjo5LzrMtgDXIWJ4b","0di8h2AjREgq3PJUnJATZI","0ds7RjudFMyIPuoWtbgR+D","0d3YQTAG1JiZJIIYgVcUOS","0ePRxK7eZC7KB78aWagZ01","0eTpSPcqtMjbEkSW2x9XNz","0eog/JVbJP8oi3DBLWX1mw","0e298oQZFI/rACJcHur7Zi","0fnrN3BNBM/Kx7I1jUaubQ","0ftVQQRnBLcoV4NP0Qp8w0","10Fcj28A1EwJJsMdCSm6QF","10W1cy1wdLSJraMxqupyep","10Y3V7/DpAsIh+pcc+6tU+","10wh7JtwdHsrFpKrdRi+a/","106wk+YcVBz6RlLfiR9Mzd","11HpMKi+5J2JmrTckYmqHs","11UjH08VlDepEOVDhZem8u","11W0IjcKFBfJQBEKye9R6f","11hIf0rzRGzqt68Xvy9zPA","11nEahfYJL856KRXUnTMWn","11qWrPc79DRLK56hRGevC0","11xpUqc4tJuZuanRS09iNY","118hXgmLNAlpuwvszcw5QY","12cMxoGcRMG4yO8TNBgfly","13NhJNrrNNo4TovsYrEGSR","13PqXETQNFEqslUn5MeuQx","13zZWRGVxAu7HROEZAjupZ","14ifvW9YtMIabNHYjSaETJ","15JdUXUtJIJp0UMljM0O5C","15nrPuMChK36GPaDvcC+0U","15wo2yekhKa416ome8EH3b","150smjuwdAGqaO/s5YQgIT","16MtzhpXVC1ota8e4iI7BJ","16TKZ+Y+FKDJSyzrucQkxN","16wWwZ1QtK/IigzkiS/Z4D","169j2l2SRGIJE4OdzJ76h2","17GYw4XQhGpZYXkfECCxwL","17RxX2+fpHFbzhl5nnJkwG","17TmYkXtVEy4mJRxSkJonT","17hWMIgDRN14dRzLjS4eVV","17h+u4DGBNYbBVNGsOU6Fd","17iegFPYhPapxzReZdSPLV","17mcPuWRVMl43yUb0FWy6t","18OwmRI0dNeoIcTBkBkZHN","18ceUYJ0dLYrpZIlAYbGxm","18lS/yN6hOR7PrSbE02fyN","1aLkjk1g9KI4gLrXELc1uM","1aycVDTypMHIzVLxuHEenY","1bMVcSMdBN9KYWTVJpM6a2","1bZKWoER1CEakMjP1DGtLB","1bguKSr2pN5422gPNuRL+p","1btApXwwFKlKhm2jcpwmKa","1b+HvYqKZArJvWnlNc5FTy","1cFlO49+FF/IJCWmAT9mMD","1cRip46ipAkZqstqgk2NeE","1cXJH0D6NP1J+m8vO2jyKz","1cXNyDkHRHPY75av2T+r8L","1cqvEoOJhA4LUPxsGQcQe3","1dB4oQd1pHVrNyqxxZLs8i","1dYRzDQmJAhKa1rrBXUNu7","1daUgIaXhLvqDPj3bKaTSD","1ddqfKDlxPtZoKZ9mGuHS9","1dr/9cmHRM7KJfDeB8sBC4","1eNMYFlPxDY7XjDHeWcMOZ","1eQzyBjbRC2IVH/uFyLjIO","1eUzBnU+ZJr6qtBGKENvCt","1fBYPta/BEoLnpyQRACskJ","1fCRSCcJlPHJR7A8/VP1X1","1fEEXuU45OfYfVE6cvIdy6","1fFEf75hdNJ6MaLAS/1Xlr","1fXYGu0CpPH6Jci8BovW9o","1fZT7xyThLi6xu3lbeYjZo","1faqrkaWVJrppuzR95nvIm","1fegDEvd1P3IebBK9Alj+p","1fpMrHzLxF159qf1V5Hdky","1fyM3vVN1DDpo4gNgdYtTL","20BO4WOqNJsZQBRF+VKMVk","20BqtXtxBBrKo5N4o0iur3","20F+dC45FIbrvAdHAl0BmP","209MuikExFy4xoPfLC7qKj","22KWx+/t1Pr6gAcmNXJo4N","22dC8QqQJNZLJWst/8fQQS","22edqvTnZEmKLtV51J15AI","224M1CQ9RPCIPju0hW/J2F","23lLOn5HNIK6EHEfoSE+tj","23oWk4K6JH6JAxXt7hrk/Y","23so478LtDO4eLhxET5TNc","23yew320pOY4FbKuD0i4Dn","23+dQr+ChPbrkh0tWQRDnr","24OHBY4OpP+6sKVKe0Uhv8","24SQJP8RlJR68UZG1X5L5a","24en8MZHRBXKuX+zdUsReA","243FA0NHpK17/VNhoswb70","2496Zs7z1GxKBlO1/VxYVz","25OohtyIhAvIYGxQnqPtHo","25ku4IFX1I9qyYgHY7V/cu","25wgCNmvBBIpWBVgpOGNrX","26ED8tmydF7I9hFBbIqRF8","26H5CWdV9CropKSnJg53v7","26rBUBBstJibb6z8Nk/1eF","260hihx5FNBJHM/E7XlyF9","262WQh+QRDLKz6cHOfEMYL","263OnmNBpGrYyPWbzI8I+S","27VoizcalKZJceuN6BbQDb","27q0Wd/jZO1KILgWnWlSXW","27sKyqgnBEOZcw302jM5KG","279a6GBohDxogYB4j0afIZ","28EwmbpXJGQ5SuWffZaeOc","28HcciqIZOT4Z3U31egSny","28YLXsIApIHYtMBAF//2X0","28gRpYkwdFJoW+M5ANSidu","28ko2aMWtN5b1c+l2ktY/K","28nLVm2flGGp+r5mRFDEqZ","29FYIk+N1GYaeWH/q1NxQO","29HnaFCodJwLZ1WcXHaiTa","29RuQ2edNDcLpiCvkFPJT0","29lVAMFkNHXofdS7r+SD5N","29tzVpnO5B57ph0TGu53yX","292D8FuXxLHarM+SOEbzO8","299qpVtWRJDrSINKDj4vkQ","29/W8HYvtOi6qGltfSVRdt","2aJBI5Pc1OqaCC8OaF1S1X","2aeQK5aKZBDYczF0uhC5vu","2atVwBdT1FBKJn9F6s2XiG","2bAoTkvSpFbbXkFZ8chuXt","2baPtYv2dPNqknYiQRuC3j","2bveRSlDJP04IPd9yANTsp","2b3DNJAMxLB4yu3/XhEOsr","2b9xlgOrxOmqHIcr4eBCpz","2cOTqaYGRAQJXl56WRBlO7","2cR0scUOhF1Jg2rJVklYuF","2cR+TbJcFL/6qDoj2iyVDQ","2djXVD/zxL5LRRCzUPthW4","2dy6kmQH5OfIiPfmyYS3n8","2eE+Vc5DxFAZBGqJE9Q332","2eTQNU7apE64kIKZPry9Q5","2elhxwwkRNqoNcPY6MFVhl","2eo9zuTy1C0JYLxDWvwOVW","2es4cpxspED5Y+pB/hg4SL","2ew1obNrFGTL3FTUsr5jVc","2fDhGmB2hBXqpBwQmUQDdd","2fEwbqMylFSow5QpT2cWIH","2fpl3MgzpJKr7AZ/TLMIv+","2fwrpBf1BLFpeFhqAMe+M0","30MKR3M3hBJ401kBBAqVDf","3061WKYWFKjZvzdmsiB0Zn","31IMJ7FkNFK5ooQ3cZ8iHI","31Omsqe4JGb5tKYRlJb78n","31p2jHcvtPC41UytwseayR","32BpOg+AtIH5pfwNbnPslU","32EMYHHCBD9Z4cUNWuEpGC","32UVTCYXpJlakQNBRWseyP","32U4uxt9FMr71kpHF0946B","32b/a2a71MzY60io7U0xIW","32i5bkbx9LE7RYY0XReLUV","33bcNp9RxKiruk7dYCrTaN","33n2AXmelBzoU7nnd6sYow","33v8IoHTxClo8VFTkyhKB3","330loY/DFIc4tfS5b6ceU1","34OkbIkA5Kd5tw+IVn41f1","34VZIpI2BCWqd0YepVo+a8","34Y0sBnyJCW4ueFQ3wXK4W","34yDga7sBClqo8zIBzfbaM","341BTE5+pElIrFUu1TRhYg","342fBu+nBHFJTkP3uzqPhx","35BQ+57B5DL4y6aYa2Huc4","35ErJG2/NLJ5Qf7O9q5KE3","35i8iPPUBPXZybU0XT1ojT","364nuq97dJvqwGqL5pdo1z","366HwvN99F9Yta9Qa9z5n5","37GGpbtg1ErLyFEtMYa2wA","37zqaOsw9L7IoCeuFN+VpA","38IPo/NAFN1JWn1C+ebxCQ","38KITMqixCv51lU+rat4I3","38QUeQykdENo+SWDrfZ/NI","38fu5v0cJGA7KRNy5HySuP","382MNdnypDqIr1v4QqOM5t","382u6y5+ZOb76437YtgGLF","39cgu+0n5A449WsOAxlWZm","3928qbnAZJbpI/tV3gcRd1","395LUtEhBPH472uBKvd+22","3961jylRJIR7NTVXOkpd0S","39/7Bj1qJCpaUWuB9OfnPf","3aRcY12idHmZlaRcnjevQU","3aax2F1hRJtbLCcKCmTJak","3bI85Nv7VK8bTGyOEibirr","3bPS+kIZpLAoAEUYHWidVg","3bS6r1ICRP3r9hV/+1ll0A","3baRcQwXJJoK9cEpgpM4sl","3brWPsG/dNxaJ4fw045EY1","3b0TemqsVOhLJxKhxb3N7v","3b4Z/XXFVJ+ZomIeqwG7iF","3cgCycifBLN71D+tk4F+fP","3cnotQsMxJgYbZbABwUeGk","3dM3mlybFDLZYMKLGyzvlk","3dN2ujtdFLNYqKvrhEIqT5","3dQJiPYsxKIaDLVZr9CYz1","3dlBiTI/5KH6dOZPtWwHs6","3dnXuoHu1KPpfStYJqe1M1","3eFMOhmvZLwZRTl19RCJeE","3ehVgA+dJOGp+JclZWtqyv","3epuuD5v9I9Z1z8ok/ipqg","3exofGgqBLfKXWByQPH335","3e7Kp/PPFDbrDwUS4Dp91q","3fWVQ7R0VCZZkbZW0MerTr","40ChJSpCBPELofPAnYKw3s","40mYBm0fhHgY/hCGyrPbn4","40s1JKbcdOlYAZrleauYXs","41PcJIEHFJS7DS8vfoU0nd","41QAIW6MFF1ZDO8u35PKiX","41QqGXJfBMqrjBjTAp6F5V","41TYS0f71DMKft71YsXpsD","41ccY3jrJA743xt8qSPmHx","41xRYnu+dMM6MpIdk/5J1g","42QWXXeNhMiaZ68khEDvMv","43sij1NZtLqb9zTj2svq0S","437wXBvfZCF5X7nhnr8Z+U","44CG0bPYNNopxuJDdkec2q","44D9dHsiFIJqQOTKL3vl4d","44lPpfEdBK1ZaBYXqzFm8Y","449WnpDqdE6Z9TOvgRAimf","44/90POJpHub6U+tKFgR6x","45BD/iOLVLp7x5cRQwGjk6","45cBMqFe5FkZs2WinU+Grg","45gcketHpGFpWST91XEyrh","450vb3ghdLjqiG5mzEr1D3","46OpmV+1tO3rAO4d6tio63","46PpYlDQ9HP5MSFljR+Y5g","46e+HrH1BL3q1K2BPlndFg","46oqT8IxFFFo+q3F6lsBIr","46rsaN72RKKbeEBGsGoGsz","46uuN+uzhBy4TWVE/u/KVc","46075w0vJI96oOEORGH3IP","47FIPaLO5IAJRf+EDgOXn1","47LfXTNedBhJ5sf0G+5l7j","47ZQSLhuRAnoWE5Hb6bYAG","47n+3kRI9PlYY6iVTmhkMH","47u9Eu03FMVZL93Ivo0Nk+","48Qc+XLwFKZp87x8MiyWRS","48QduCgyxC+qX5g/1r5GhE","48au1yl61GYpQ1WHBLgJ2s","4827R0DVpGMKOT63P0o7r2","49Ck2a3DRKIYAqxed1bryS","49F0ngEgtM67s4k4+/ByFT","49RD3WAANMsb5LgS/WDb9g","49c0AttJJEBqrYhODuRNaH","4aQsUSE0VJV40PrUprSJOP","4a06uu5zdPU5heWHYjZJ6w","4a9ndRdM9OVYoZq/aER65N","4bG+aWGJxGq77zMMDDJLEw","4b53fPQqVEYZRppZaOggAX","4cAXWrRNxINb6QJJRGBRrg","4cE53Aj2xKr7lDnEV7cDdY","4cMSCy+HlLbLjZ6h91zfko","4crxxIV51E/ZGUrXJGD3cD","4cvoA3f2dNM6CGTGwxpXFb","4c1RO9MkZFGIN7wGDwq/lO","4dMmEErItA1JQgP7qkW0jJ","4dMwqEV+1MopG3WpRcXB2/","4dSBue52hNl7/Hc2N/hcsh","4dXTdJtS5OaJVpoXwfNkOP","4dcRAGiddLF5R7Zs4SnARm","4dlUR1jqdL0puvW3jNf+r6","4drIDsjZxG4piE/Bom5DFg","4d0nGtst9FcL9qsNN1fn31","4d4LrG3iVCgqxF4Lbnz/0s","4eBEXgywZL4KY6dXkM+FZ0","4eTjGx59FLbKLnUzS5OXcC","4eb52MUaxAo6/hWYXOmqYV","4ep9tM6GhExrsGRI8jqDus","4e0vb2XtdFzp41HE8R6g80","4fGf+15vZHqYf4KjNzyzLV","4f8t4295RPZ7lklDsjLAY8","50SjNlV+BNcqtAbvk2FCn4","50WitigalIY7JIdXUH+2n6","50e4jL6O9M25v/g7bF9eN8","50h7113oNBCZypdeRbPWQz","51MY+T5DVCypXs+ZDY3P+h","51ck0T+vNA9a0hyGaem//K","52YQPZnHZMSYS3ZrXbtpNG","52gJobAo1Kx7AjKXr9ST2O","52xoTGnxFLYqAzlvAFf+VE","53C5sQz7FIJ7H2Do/5IV4q","53GnjmPp9NnpnLlsbyQKsc","53Z85S2KtM/6TINgob+8Tg","53+9EtRypEBZg84TLAuTcG","54ESUTUYVHt6RAfafNuoZW","54NvTS+B1AqKzBMHVWRMoz","54Q9WkzS5Jk4iTM8zydnWD","54kuGkX9tIDLF/Z+S+DMt/","54nV3ZuKdG5bKeMcZhWR36","54q+IcewNAr4tuHoa9tyQA","54wkOHaIZFaKkfpHEymeQc","541als629FdLtGIFdm7Fvz","542XSKdQhI/JeSbzLg5eg9","54/OvnJB9LQohePe/pTiKE","55KO04DGVDH6GO1BIpgwdK","55KSwrtSNHrLB9QcSDzDuo","55q4bCmeFHTI9q1k92yau5","56wG6Jls9AzpfkNTboRnQd","57Sh4xTWhHT5GtMG6rw5J8","57mA81OMxINLwWPEmc2mmH","57nmOI6zZFzIunOxXvmVoZ","58nDiKkglCGKz+IPpSc5mU","580+TqeUNJjoLHONSY9oxQ","587ECX7NpK0a6a3kfmtIn5","59AUszlLpCu6JqLm1V4RQ2","59T3n/6C1MS40tFDrdicD0","59fX4bbYdMu4nft12re6r3","5aGJmpfatOQ7jvX1YuBBp2","5aITm+0PZMAqB0j7ZHVclr","5ahV4PwltFCpGVDcgfUDWe","5au4eJwr5IIKocOg2AwTyp","5ayCByXxBDfJzub6HST4NK","5bOZn0OQdJyawZiFOFSle/","5bW5lIBAdJ86X0pTA62b8C","5bdqD8lJBNkKbYtLgXFNyL","5bleFDqfpBUYjDBImpz+/W","5bzkKhBC5JnpOF6lYAIRoO","5cEHd9WcVG34X+jEDJS7Bj","5cSrlrLXdF14sU0UkxsX8y","5co4pbyw1G8IlT68RNYbxR","5cpV2ZRNRE0Yxgh+8oKI/R","5cym7T9xFAA68L1G7o5Q5y","5dJ73njbtEqIJz8qxCxSjz","5dhYfe9TlFc4JNLqtoyqa0","5d1ZrLSRlKVL2iTIKVfbwL","5d1ayqOmpKXJGPI6Y/4lAa","5d4fqCsgBFJ5rpjJDo7ZGv","5e/B/G+GlMY6hkiwomR1GT","5fCXeGhBNJt4K8JGmIcMsA","5fGbyHfCBPcbcEmnAh4FvZ","5fU0cVlqZF8KAY+GHQWyn5","5fXRGo6gZAeL+UhzyT4uId","5fuNbdyvZFWqH5m/FeEV7p","5fzdsiCjdGRLepL/xWvrgc","5f0RR3ViBEaZF0r8QHvG32","60ObwPYTdJY5/matP/q8hb","60QQxiWXZOSrpYRq2NSUpr","60XdXF1hNERL8gb7chQncE","60tfYPaotOL6Aei5rlarrG","60uyDRsaNNmY89knjZcSec","61Cr5WY2lC8IwmAtqq+c77","61i1XbcXREnoZK7wawcyfk","61jQG65v1MeLErsBBX8Zw4","611U/f38FCNK24yRBrRfmZ","62BrTUJwtERqHe7uy6gUKK","62Dp/CIyZHUIvbs++mBldk","62UWwKovNJb531Ls8ErTqy","62UtG0PAtM/Z4xfkS+RuaX","62WZ/pJ1tMZZ5zmLjzZsvF","62Xy1vOhhKW6qsOu7xcYRM","62dejbb9RFw6227ew0AMR/","62kOFEYM9LL5N0EJnY2PJT","63bN7Vo5lCBpqpwKWK4hKC","63vR1wNspE/rwT22yISiE/","64BO7ssN1JcbBoa8kKybKO","64T9Kp6RBPG5ZMxlD5gTx1","646kMgo8tLdL9li2EVhO7v","65Oomv91FCmolJf+Ttdj9k","65QC8/dp1ER7zb2GQbsEC+","651wedWDlBpoCrad02u67e","67CeKYSWVF2orFBV1BT26j","67b3lNaIRPCbPrQDzyUn0c","67ngNNXtNCi469f59IuT+C","68J8PYD5RBDKDwZ2ycGMtb","68tbpWVkVO2q1zhOrn2NYm","69DLn2hABKr5S6NAi163Od","69HW+o4N1Cu4bBejQgrabS","69a5azilNAAJy7lmPB6mwY","69qXtkp3tKCr9622hxIi2m","690f5L9zlAM5kAU7Xp1fVH","6aCYvlBU9KVoqV+ARFMYSI","6aLKvTbPBMo7AMxNf5JkIx","6ab4F+OeFIjqG2Pu55vupr","6bHBWnp7BF6pW7sCTr7lJ1","6bNKhrJuVK4IR1+8HhGN5p","6bQeusYdFLWKrWhD8VP2kS","6bSGbfo11PFa3kNF0m5MsX","6bWlORXjhOSqWgayziLIvl","6bXs0pgZpKD7ziXlrcKxr7","6bfLDr6LRIYbeT7QpVjohl","6bkzX0HkNCyIMminluU+5u","6bm5CiKI5IKLmv0HeigHIi","6brrkXnf1DmJ0eAiEdxxPf","6b/4qWw9RAbYtSdZXHz7fr","6cWeXEoPFM84Aqh+3Aeza2","6cqZ9zzBVEGaTEG1LLwoGz","6cvoB0Ig1J3IAelgU4jz6U","6cz6ensz5Lq6hbppqiZCGM","6c6llhQwZFM5rpHS+UBXnb","6c8rusPpdJSoG0BcrYrg9J","6dJ2KVYZZBXa20M7vajXkh","6dKLhso8RJn5s0rMrHCrQd","6dwQFED4REg5QdhMMzHEho","6dywQyAXdNsYd8Xp1Y3b3m","6d0QoraaZFBIzEA03LW/v9","6d6vwmXZhD1IPRA5mvx3nB","6eEZHY58ZHO7PXiEy8IU6r","6eE4SCO65OlaEUDMNhTq2F","6eJenglgtNxJxms88M/Urs","6eNhiqTxZPv6lcyp7Yvv/d","6etinaHzlO3aAgH78yONDC","6et8wUimtIMbUOaSy/0Yxd","6ev0PFIDZNs5fveiFmSYXC","6fFV85OV5Hyqw7xhCWpLF/","6fFmMepQFF0KUWVtNNCDXf","6f0LqC6K1PnqHMsvYUyZKQ","6f+ss0zXxL7qkRf1FUmhrU","70ZN700pJG970lEz5eUGsD","70qIWH/3JFiLg/kABZY86J","71HPkDf+xLZaBa7qjZR/YI","71Qquez3NH2pnrlUe4Rymq","71SJ/93GZIFK/SM3sYMN8/","71aaTdIKpIhol7Ii9uaGnH","71vUenjNFCGq3V2hWm5uTB","716YhILrZOabWURHH/9TUg","72YtJx3iJP2pUJ+WWv5Ta4","72b8zRoiVJsKpCI8x55NCB","72jqPBo4lHCJVnf1g/rMTq","72mi98NvRGr4EilxKhMKqB","72wOUvkbtKArC6Bcx7WsK7","721JKSjGZDlbjr8YKtMl40","729ipaFkxPSJDeirgh9xAE","73fBZpUntJg4pNk5Ej8iQz","73ufY6DeBCub4yTkgZGZ7u","730YTX9M1EIqsHb0e2f/CW","74N7y4VV9EvopfCl1tRPeO","74pLANYCRCrqp/50maKVcV","746I5Xv7FLaKY1BGSM+N+O","75DmM1lHZLTYNN/3TAeU2t","76FLM/Qo9Fjrtj7Wey67Vu","76XjO5kW9KcaOHQlJgOq6l","76hvr6CFlOioh1Fo13lfxf","76qdRJL3pDPKY+Pqx0uY+w","76uzMZGXZH5JhzCFBExxWC","76vB2S0mBBc40cImRhBu6O","78PXudoy1EXbh1p0tH6inw","78jSaGz/tImJTF/9xSrz6a","78+q6mWkZEpr+4q4tCdeed","79CD0XsAhJAozrGGfBY7CE","79IzZjkfJEJo+7NFLyqgEo","79LqrYRjZA0IGaucq+LDj9","79oOicstFB/Ysx2iUWrzz0","79sZLgVMFDUICKlP7XA+HY","7aY2qTcixMtrGT2s29q+zo","7af+FIT+dDy5FDKJK36LMC","7a7HQ/FRVL7bsB4tg6OZAT","7a/QZLET9IDreTiBfRn2PD","7bLSNxBKRAfY7iz4TAL9lu","7bOzgwNXNF4KbR+ru5xPQH","7bSoV68UlGMI3sza/2dVFb","7bT3TFLBxP2rpbGszizbf6","7bUZbZL4NBEZ1OX0BNqOMt","7bzKaXXnJFIb5hmkFX59g7","7b+HuzZsVL56i+9L5SAb/6","7cjA8mlw1KsL6yg/AqFeZ1","7dYFL0rKhH34QbIQlgr/LN","7dcXdV3P5JcrpOCBVGK5Vh","7dofZYAa5Ex7vKPHuk4pCo","7d5N/hGvdJ87de30nCR+dR","7eISJDMWpKr7pfPdvHJLA1","7eXr/snUdGdICnSPVXEK6m","7ebT9NCiFNVJyKPq9lttKg","7epyd2OH1OmITBcp9iX6io","7esIU7uMtO5JANQcCtPCVB","7eu9mjhN5KiqMn4oeykuwB","7fCBeyn2dIIbsSCJ9aHYnN","7fP/bCMcdGX6s2ZwabGOKw","7frWhy8TNMD7/4wlzfuou9","80EwVHYjhI8KCJuOaqhbTL","80F7eEP+1Ch6Qm0a+x/Jf+","80KYURiydKNrgNNP+sVv5T","80PY5riVxN8LDNbkn+yPEV","80Y3JyZq1LcqdyyD8mmJfU","80tAczU99FvqlI8+xfJmE0","80zDKJxM5CS7T1L39U+k2/","81jP49lOpA55nLffMlNlQ8","81tiQmJHBBpI5G3JmD6Z/V","82Ehfmlz5B0rClGEqz9aw1","82OjtbuXZLEbgg8d/zT5Ne","82VoKiLspEtrsIUjKjQ3c2","82Xt1uHGlJUZ3ABdWvMwvk","823gT/wmVC8LEBj2NbVFJu","83Ay8lNx9DDK8m9CCMslYY","83G/zdfBVN95vH29FkILS9","83MXqk1ldPL5buKwbq2Gpg","83bZ+PLeBIML91ASiRHMIB","83jalcbVpJLrcjhMd5CI5K","83rCtmW9ZAG5DNtVKqlGJe","836z3Bg19N5LEghM2er4hf","84LhN+oxBNwqatbQ8KfoO2","84baiox/JDhZs3TbVxd+t8","84cPDrFY5MAZHoEUX1Cy+9","84dllP3epLNK95pobWmlCf","84xVkZB+pOJqqcGV5xCaVx","84463ZaKtCELR4Vi6+1Ylc","85NJWNZQZGyJMy8og6ahZf","85l6CF7axFarA+hBhR/isy","86gIEYRARL572RRufoW294","865Z9/KUdPWZRWuDZrNI94","87FPevCytJr7PpnOhfkfg8","87fNyCS49LCbo21jVCoa7U","87mDuhcxtJTYlc9ZBrQCLs","88KtX97gNPJZvBBFxBfqFT","88iRRtNetAoaDa4IJN4jBO","89RKuru41JBYEffRC3UTTm","89sRP0ClhO4ossYOCSDPUa","891q2n4GpDiqaAknmkvEa8","8aB0wAsXJB9K0tRNXn/Ge+","8ag+onUoRDrJCgDWp0T3fQ","8aoTjbYHlBz6wN76Zbx0qp","8auaX8u4JFiJlAUwESYDg3","8a/go8sZZKv6CpWRwbGYIW","8bAVWveOpGKpKOerdr8kRk","8bYwNS3+VM6JvFrkMx8EQF","8bZcBUo6NGqp+sd1xNC8zR","8bl2LqZE5ET4lVK6sOEvZv","8cBReXD6lGKIcogFsC/KQu","8cFAOwbadOtbyHmB56aHDH","8cJl2oBUlNC6OJorvm2YfI","8cZXjW6dZC3a54JNr5Lkom","8cclMHJvxECI7ygv3tgfvK","8c3n9UiXdIc5TVm0UEMD+J","8d7UyzbshJCJgnOMdBo7Hc","8d/Lknr9lLHrEwoZIo9M0l","8eBUNs07xCwLZoALAzZl+U","8eGc28wEJPOZX2hVudLn5Q","8ejEh0C1tHVZ2csG7Kv5s0","8e5duwylpKl4s6X/PlO86B","8e5iV1lJBOTr/OpUSPg1XY","8e9chh9pJBhY+tOSOZdPHt","8e/9zhwJJG4rZjJqWOuq9F","8fBVEcL95CO4ns8dEBy1jo","8fdB0JFNRJwa+e7XzxAdNG","8fsrEZkQhMh5c3KDhofJEK","90crTRq2VL2agUGY78f+7N","90kRaRCRxBpb07+0RAphId","91AAmpvj5FpbydCS4HMZ9m","91RUZIxEVNeamyPcdywBKa","91UPG0Y/JCzIJtd2jpNefE","91ZJpqV6hFMra8iNl1UX9n","91uBO7F8lNZLweYdK8Ol26","911MvA7ixE47ETI+tppCXq","916ihweldBaJg8uhhYluPW","92adP9yUhJY4qfsyemAD7B","92s+pFNDlPG4VC84H0D/cE","9207MA0kpNV4AYddgMOjFd","92+jsUomhHV40sbdCeb4KW","93MObUBZlKVYql5+PFaIYd","93Tcofn/dHBLTbEpJRCxVS","94Ag0bYlJPsr+D4G86vPxe","94maZbhJlMlb3MPlEr3X44","94svVBf2JMC4xSAqhlpUme","94/1YB93RAqKMgtWVOHYb3","95JWu0B+hMb7Q2N+HM9FDb","95PluXa9xFebGjq4gjTmRT","95kzhKejhAUKOqwZO0t8VJ","95veaXoaRHvbvQyTGBeLmV","95yF+lBRVKrYbss81nZl5p","959IeNUWtLbZnCvDkYqhq6","96d5PnLLpFYahPgHvzZTfN","962/cfUXxDiZPxdopwQEeC","96+b4VOAlO27Ggo0B6pysf","96+kRG59xOeZChavhRitlp","97DRe8RR5C9Zzgkw2TPAFq","97MtRfvfhOeYjw6e520Asc","97SPX5vAJAaaMp7vWoeCqT","97m1dEdrxJwpqDUfdjuTrm","97qX7jnTtB8Kv8UKlAWgPB","97qlyv4KlEcIol7ygN9WA6","97rMkOnlZHbZU1XARIu3r3","98S3BxlqNG5Zpix1iQkq8U","98bWkzUOFCApb98XSvuJc+","980J1A+ZBHQr9p//teHphM","99R02fpbhF1Jy9kvipBjam","99cuuxhQNORLFoQUgPKuq6","99ufKEXtlHJbFpXHq+rzpY","9aMnioNYxOLLrKidD48S6R","9ag4nn2CFB44LnCCmYRLzD","9ar12D+z9MYY/5GSyxFT1v","9a0g2xsmVKgLG+E9KAKO7X","9bGzo3e21FDpsbYKEKnHwY","9bNAK4U+dCDLN7AUQNWxUC","9ba4DTMPtD+Yk24pNZj1z9","9b6uP0EHlM4rVKDcbe2jTr","9cX6Xc1bBGcJc4Y2BRJiUc","9cbzGacA5KPIgVzj9UW4J2","9cetXPP4JJU5zwgAucbi/A","9ckD1HTPZFuLKJ7PXNOx0R","9dY/yL+XNK/p4L3BTG+kuJ","9dbYBTiHJMqZwLpVDAMO46","9dpCxAx+9ObpxZ/6tUuxTF","9ekPg1wHNMjpY29J61UHih","9eqDaY9F1FCZam5UJWeToe","9fARNH5xJLx4U1QGRox14E","9fFVmjcupF97krtHGmdrDc","9fKUPDx4RGZaQtHu9Y+5Ku","9fkqQofU5Kjos7ehWbFQPb","a0bGpOvKFGF4+ZSTvMkzx5","a0s87iTZpDNLRtD+NKBDMf","a1BB6uMBxNHIpQ1dz8dEVk","a1FjPTPdxOyoMPknP2cBMW","a1IMWAIs5Gtrbe5pS54rHR","a1hDO8CDpJDZ+OvTmJLN35","a1xO5QjThMeofA9OQVCyFR","a2FdXOs69CIbPQ24OlajmK","a2HyHBBjROZ5dloSmAtfSL","a2MjXRFdtLlYQ5ouAFv/+R","a2OnRIlR9LK4QWVw1DWFb5","a2QH842LNCdITwijW7o4sh","a2usKd3M5Ho4Grwuxd8ymX","a24ZAQaZJNPI8/O2kVcazv","a3ggAtQZ5BD5Xd2DhFaBwx","a3w66nIgxK2bo5j+MSGPoz","a4FVw06ZJDeL5ej+eWEQta","a4Owd25ypMeqrzR/f+N4Dv","a4ql538dpJhIsrjF/U//Ju","a4tttnfRRDJ7x7UuogLPK8","a5jY8qS99HAYJKJZq1ma6Z","a5wqWV8DVCzYZNk+jqdFYN","a58aceNJpFyqqg+XWvvj6C","a6g5MRUBBDbo7hyZT/0+7i","a7GS6Jb7ZBhoKSItCpLjLr","a7SC+knF5JkZuq/Tgn3yQH","a7qoEA8VBFapnoUdWuTjlS","a76DpFJKRBt7OxAu66FFz/","a8GLFOWhJF0bQpWYAZ4uKL","a8QZbUgThBuqzDuZ/OW/45","a8cS5Xd5FMM6jbrAy/OJFK","a80PoF28pKML9od3iiz408","a89k33y9xA2I5Au2/jl4IV","a9VxDFtDtP5ZvOHJ/zu3kN","a9aFZQpqNH5K92k70H7mAU","a9b/6Plp1NOKMvczff6Y4N","a9/y+tB1lLyr9H/QzTvgO1","aaPsGxT9hGR7Yg88VUNtlJ","abFORyx51KOqUu+ciF0LzP","abNwcK/gNKaa+isZk3BApY","abXu/ThatNwL/9RbhiqT41","abtJ+ZUUtOx5VsK072W6+M","abxdA918hCQblAdEn3f3ns","acFQmRe5dOsZ1e1WipFFpW","acIgIN3vlIRbU7lYhNPDhl","acIz8AtdFONaNkSTt15jFv","acm9FQYApCyJCcyCi49D9e","acqt9uiGRIcpx+zDUiHnOk","ac4A3KkfFGi4yDEKvg7C8x","adp6wwdK9D14d0KCWoDofQ","adypkqj0FN24gVEmDdDmvt","ad5s0MzOpJeY8S2TIOfovl","aeElK0d9pBcbOBfI/FmClG","aeOwlFp35LLbQlK7PhC4w4","aeTfHS7BZGJbyoQpsINC+A","aeV1ulZN1HIqTGQ+0amZQ8","aegDEHwuhNsYPIOvTPmF4o","ae4J7B69xB8p4IjudwnCd3","afi/yMPHZELJa3XQkXkJLq","afqDdswD5GO4vZF+yi7efq","b0T7W5HktEkoWeFEh4hwwQ","b020/qvRNPTpgX5a1ifEn0","b08vQ3MTlHYILmhSRebhRt","b1aSaaU7BDgJZAJDbM+Ty8","b1qOxD3BxJTLXHLWLWed2B","b1vkZIbxROUqqwMBFp1TpJ","b2JTiQrrtEeIGyBCWPQtin","b2VaviOHtAvqGIcui0Jon1","b2e01aZgtO+ozuv7XVR0vg","b3Hsb2mqlEFKy1Ii9vDsKp","b3xizEnPBKSLiY6Gufv5oJ","b4mOhqlnNGfbuq1bFm1AO3","b5bmbbGbFLCI20DObpgdHX","b5pz7nqjFIb7g1zbXHJJ9p","b5q4dlu2VN1Kq5Ur28UdI8","b6AROkeb1MLqhX8BF40YYP","b6Og7kIkFJV4gF2lndXGqy","b6VO4RRo9CDIFSszzDNL9g","b69NkSk71DBKk1gPn31tX5","b7ekdhQwlN5anDcAkVGxiw","b7eoMi7eBMcJOJVmIX7rXb","b87qQM2SlF87H4ERT/9pqF","b9BvErTlBJmIh9y07ByJXJ","b9DbFQG1lF07qXyKwtFVrN","b9Q1hILMlMOpRQU3et819i","b9macmci9FBaKtqhXFRPVE","b95QOJ2rJHr4uo/y3DfQK/","baDWMx3pBILJFeG6Lt3mqf","baODyBS7xAE7o9c3QmPiSV","baPU720J9La5gbmQnHr8gu","bafLXAKy5AibBfi9iQ1KQL","bagDp4+WZOqr1BDQcWexf0","baqJVSTttGyIGwim5wVy7+","ba6DfY1C9EuLako8K5esKW","bbAhZvqPBIH6drqazxXvgY","bb0tSWh+9C3ps+ah0zImD/","bcKLGgDfdAf4CCFlBXsa8h","bcleY6vSRK9JgHHp9axZAU","bcvdV8vhpF64ayvG33BBW3","bc2LU/2+lMJp+bfTsf6+0C","bdJXoeFuhIH7BZW6QN4GSK","bdWvRml+1FXZDgSIHiT0bP","bdXx25mYFEP5v3Ws5WcUYD","bdoaFrr4xE1aCmOTdI7oo4","bdsz1obrNHvasUMePPzfuR","beLamDFVNIaYswtwjdvgsN","beWLMR/1hEzIs3jja+0F2A","ber+llTbVB9KUQKfvjaHHf","bfj1L7GahFrIlQpml2lGdJ","bfu+eXS7RBxZXjSJSuopKq","c0G55svUlCtrNcT19nFOzK","c0JaSndCFNLKof3E5u7y35","c0w/srTwREtaoYw706E7KL","c05O69jqhL14HS8Ywa1Jgl","c057rgkPBCFat9cdZo2ddL","c1V8+dLWdEtqru5XOlUJ8k","c1ep8Cd5RPFIxTC13f8/C3","c1p5NqWDlERrGO0c+A5KK4","c2M4cJQutNZLEZ76E9GJ3l","c2arbTJuVBW55RyUKzF246","c2jMs8aoVIMZ654BCr/7RS","c2wKm7GPBOLYmCuiHFIVMx","c23V6PdV1I7JMmbM08d6M/","c24sOUpupLAIuMV85UqhEd","c3K6BjJRhCmqn7kWdaI6NN","c31xCwBVND141gB/jSTNR7","c4FGhx6z9Lq5Dfo3Klb6ft","c4QX9GxapCiq1+nN4/XUVc","c4RSufbytAJpt5nQ+Y6wQ3","c4Tsm8b45OL50uSgNymHWr","c45MJMGN1JjIePZFFVMr8t","c46UT9MlNA8a/pa6EGnCwm","c5L6e8j1VJ3LfWAPZ0ibQC","c55QWNhSZFNpUP2oaegWr6","c5/JMvg1hO6o+msnlOKEl7","c6V824dNdGpaDfJmNVu0he","c6Zihm05pG74u5y3XpcFRi","c6g1JH9vNKEoOZcpbJY+ao","c6hgO4N2hCg7DJ0+8sTrTl","c68PlaQkJP2a0KQzliYOxO","c7APVurlFC+rHwRTanaJu+","c7ITDZDENO36E5a29LxazC","c8LiGK4dRFe5NrFksQ+Ibc","c8QLPd6tpNhoiEQnazlqe9","c8fbm8SbdDwJQQC40CXON8","c8xEhPIhVDpKnhvVU0oBgq","c85gwA7HFBYo3fBW6ehxOB","c9DNV/efBNHJM1GMgmEFRX","caZQ4eY0ZCcqtc/QKcbmUt","cacU0e3c5AFb4xi+za/uKP","cadTgxXTVKT7SojHetjion","cakhTwu/VF8Kxk9TbkYiNx","camCUAOaNMXLDhtTqBWVbP","ca1gmO3RtFrJ4NxumoDys9","cbEN5goT5Bka3oKm7tc4n/","cbII7KRFtIwrD23jWrN3Ip","cbMJArhl9KiZEXgeRXGhFl","cbOWh4fBxEMLR8KcqXC2/5","cbsHbHRh1Bna25cC69eqlj","cb2wqO7wRO6LeOzW6mXQVv","cc5n6l+H5PII5IWRG/ueNy","cc8raWH2VEr6MAiDZlEpa5","cdq1R3eYBAarHxycsNzlio","ceFihWaqhIZZm6KR/zWkZN","ceH2lWnwBM4r02O4Ld/+Lz","ceZSXrBclOb563Bc9mdTfm","cevFTMBNVPM4wlscQrXCjr","cew+UdmDhLc76NPtmdShuQ","ce2GoQrFhIkaA10vJ0BEjH","cfYpUbSqBEp5aAiLL00ivp","cflbpBoXhOGouKIMkQAvkZ","cfrwGN5zNEvq4bpeeJPsx+","cfxhppmIlEMKnWdRNPgh9z","cf5ICjNeJMnY5/Qw7FHEJ1","d0RMQyBlhM9YarNhiwiObg","d1Ja4U2NlL8pvH7diqwe1g","d1dEqCDIlH5ra3vmkyACBf","d1rKnpje1Gl4B5/n0PAeaa","d1sKcvMJpKTZc83dzp4zxx","d2hvEQyzNNcrH/rBpGSK6x","d2jmnLApNIxqerGsDdRd/j","d2n5xrQjNI841FBOlb/KFU","d2tsgv89tHsbEyqSeb6TP0","d23+OcJdlE3K+R050iyilN","d3IGQHEqtD0L3+J371QJXH","d3gt6nU4ZJMJoHY2I6rBq6","d3hhZQR29KPKmNLamUS/k9","d4M5J+OUZGSbyxxsbP+OaT","d4YvW+ujpM47kxIa3yj/Cd","d4kF9YgrxOVZkKJBduSZIQ","d4mxmSXc5DU6t5Nm0d+9Tm","d4qU5phaBPga9UgwXthccJ","d4wulCstVFkJAWHQIOTiAw","d5UjneESlPxqKGKjJWxJmw","d5a/QFGLRNkL32TI3rckRj","d5lQMHBKpAALd/lvS/jSOI","d5+hwUd1FB/rzfLsWhKBwg","d6Fc7NuFtAdbM9BtoGMyGN","d6d5i0zJpJIZ2liCVBA/Vv","d6iGbkrldDA7EDE39nXaPa","d6kcOZfiNIqq8Gi9HTy8g1","d6muYJfNtKdre5u0k3u9a2","d7LT0Ndq9O6Jj+EFDYaWXD","d7LqKrWFpKIJI9cW1gG5LE","d7p9wJi5NNuoRxpxbGPmPD","d7+m6TZ1FEr7GWS/sDJaB4","d7/kFO9fFDBothRj7sRlVi","d8CJb6H5hBdoCJxDgCRJ8R","d8Dz4ZGUdFY4MreZLDW/Hq","d8SlBNK29Amq/oVg9RfyAn","d8T2pJ2BhHBIkJPm9NvPrH","d8cajPv6dMnqn8ShQkvszu","d8zeiZ86FJz4aGkvYCc0UH","d838rMTXtAMa49n12Xbo0N","d9XUrga3FF868eq+wb56RL","d9f3chDA9CYa66tQHu9Vje","d9j66Ruq1GGIETsdwLXTrA","d9mO7/LU1HII5hscF9eRbK","d9o16qLDZHjYwB+pTy/VDg","d9v/nHVBdP9ZjiJ9JSkuOw","dap6EE/DdEEZJqVWIBlbNl","darnWUigdIU7RiWmPv3ayQ","davCdy3U1PvZhw32y+fnny","da0F+nzcxPHI0Pnx9BlDKB","dbWJB9oNRMfKVI3GSN9siw","dcKofJyH9KsLhwTI40OWHK","dcORRM1XRHHoVyFV65Gvkm","dciOdUXABMj6GqqB7SGI6R","dcjkLf6qlG/6sMTbUas9Nw","dczDUL+sxNzJm5N8S+xD5n","dc062qbRpCf6YS4PYbZ/So","ddFlhTdA1BmYlhVZak7BCU","dd4JCaI2JAf79ksqJA25LU","deBW0DxXJBx4OlW49MqNup","deerH6Yq9DYpbPWflElrIQ","dfMjx6ww9GZ7dRHfxZG5Vz","df+59h+u1B4I1OH4UjexK0","e0r2C7ixdCya1mPRQFZWS2","e1JVLvFDBB75XnywqVNBIs","e1SU3y/tBBWZmJmD4tiTtL","e1W6A+SLNA0boeq1ugdtij","e1axivE4lNdK2uK81MUfEP","e1z5UtgT9Jt5wto4u5WKUC","e2PGTwJEBFGokOqLWnM6Q1","e2TtcunHJEFI+fnyj4DRD2","e2VhIrBDRBNYWyXeF43xIv","e2dlMAp/REaId+NwF/wmbc","e21LrQe9FB+5RC+hG3wiVk","e3q4b1egNIooseT44vExKJ","e3uKoM6Y1LfY9TAcHwSLol","e311bVjVlJ07bwIZXyxzP5","e34DScl/VDPpyphVF1zKyo","e4FYuFY2ZCLItP1HzkFuxj","e4kt476sBBjKr8vvSMQbhP","e41waTeCRFWIJjBC8QtJdD","e5jlOnFbRJNbRwP5QCd7YT","e5uK6gMblMYbCs36dwvshu","e57s33r0FEFZBDTBly9/sf","e6LNi1B+NEwYdbzhJDDfkh","e7CSRHuB9GD7B5psPPm/wJ","e7MovnAdVDE6jncCpkBzyT","e7dj2wTAhFuJgINtl60p6J","e7i+J+2EhIlLNdkgiYc/6m","e7r4zLQSlKxqesCRDg/6xo","e7xRXlYJZF96wJPMyAc3QO","e78hM0hTFGfK1j8SIshgrO","e8AM8b2ulE3JbKgKy+Rrv2","e8E4m8gClB96UetMd/+zcN","e8xk7n4gtPj6iU0OhnOU5r","e9Qp5Mi1xOp5OKgl/CWTji","e9U1wZv1NN4LpChXtbqfId","e9tw4OgyxGxpzhB7hhBpgD","e9x1JqMGFInYssrMMK4JEZ","e9x5Rnoy1DYrFOh5t7nuDm","e97GVMl6JHh5Ml5qEDdSGa","eaFYqWTpZFBpyqSoqyMxSj","eaJkiqIQlDuapTSwETCZqj","eaPb9Os91E74CMQ8ctlUOF","eadceO2qdL+Y/e6cxmyTzZ","eakeSlPlBOGZxRoeN34gFL","earAeIEqdLQbqte4DySWnI","eauKvGIuNIqZu8SjjUcpYj","ebJmOz/LFBJ6GkLQpCy97f","ebfmhm6c5KyIwsTGLNW7jX","ebnJUlFQZFx7N8sa/yH/Uv","ebs9/aR5dLrrKDcgVIYGIz","eb4b1CaYhHnIlHT1zzhOfu","ecMSnCcn5Lsa+kzRFyon3n","ecOAYUQXJBrLB8eUCSxgr2","ecXVqCV91C1J/UpoNdzWOh","ecpdLyjvZBwrvm+cedCcQy","ecxoBrGypLYZCY/AxG5TZG","edKXyYNE5PHpJQ7UTf019O","edOZ/RBDNBoYeiGsSzXDlZ","edhuvVw3hOWbep5pd9S+Dh","edoIJFC2tGzIlDu25XTbt+","eeLqzfBjxJrKtyHX0ocAlv","eeMmF+PNZK2IVgGLAolyxb","eeTl0ZoulOxI72RPKKaMQ2","eeXSjjWVBMPZ+Rkn3Zlu8o","eeYCXL4ihNwZFpqn0Xp553","eehORO3I5Fl6+44VE0jFlA","ee7UUBuPNP9K7OoS+fDhsU","efMTKQKfRNoLngPRqO8q77","eftGBAVftMarjddJgCLbKM","eftSdH0r5OgYrMkIf6fV6a","f0BIwQ8D5Ml7nTNQbh1YlS","f0BlCt1XpEfrcblx1+34Es","f0FZPyM49CjIpSohEmZf0c","f0ctbdv0BPcoJupwD9cLm+","f05ch1jYxFc4LkywP1amQf","f1NxlzUp5DAK2+b6BTNyk1","f1c5JTdylE45QIBO2sSdhX","f1p2nG3AJESYp9/nHQmSNu","f1zF4GgwdEubBJbDdA0Ulf","f2ZpbTqoxOI4TdIV3bwZPY","f2odXOJ0VK7JbUyw96IDIP","f3NrrkExlMMp+x6Boc90pM","f3nBGhJtdDIomUl+n6pHGe","f4DER/2UdFDKvNSKhnGnaz","f4Nsbg/jlOULBOilr7PDhe","f4S1We/qFC/b2X6GIGZP1W","f4ZxAvVvlHTo2ZeIY7yeL1","f4nFE8gFBO9I/r1uPlZqSA","f5f3joXEZNcqyJ9TIEk/VD","f5vJZRA0RGwbzJXcCL0kOQ","f5vjl9cA1PupYs94Fx4vxV","f6NlrDc8ZEZJRvqcLkqhZn","f6UHrWgSxJVKbG0jsw0AnR","f6aLUrZJNCGo8+GoSscSTX","f66uD4wSBA9ZrVn8bpgET/","f67sfw3bVNsIVBGz9wjbqV","f69y6NajVH7a6Ac3Hpo5oW","f7H1HJYqRIcKltgKXnhD1h","f7eIcY9TpECq4MC95SEwSN","f7hYCiKxhI/5oJJ8Jct3oq","f7vmVpyu1NdqmXxaLWrXi8","f7zeyaYR1N55Ws3CDFJ8+E","f8D57H6m9FE4kOJc5j0Rvj","f8Kvi+D+1K16Qk9PAdcNw+","f82E+pbSpLfotoaPhLNjJ5","f8+6b5qV9GjahtGTmuxhWc","f9bWWoiu1DxKCebHTIoW9g","f9947WXTRGDKAndQrpOtSn","faMzG2hJBPBY+4Z9QC4pZU","faP3x+0BtLtKpDqVXXEQp1","faYuRu9t1BZbonafgmXrsp","fagFmpKUND6KjfyC8HZH+T","fa30gkr9ZFdaXjCWQNDSIh","fa93g638lPXaaoXrlQ5FTW","fa/xWAM3JG/qZmiTZhuLob","fbIDAi9ZJHALP7i0eAa9Hf","fbVc541/5HDa+V1o8sPV33","fb7h25miNEVoKG5ea5p3r5","fcLsyBWB9KP5pgZ8+1cvW2","fcNRaJ9g9LL4rWmYMC3k4q","fcsLg0EMxGtKZaJxGXacJX","fdTRTGjslKKacR5VpoTl1o","fdr+DDokJOZ7nOqSlCnuCn","feIN0+ZCJJWYK0oKZWzaYs","feMYdKcWZBYILfMciYHH4k","fekOzVBZJLBYc8OxHWkJaT","feyXiUUoNPxKyE+oMaURch","fezAfsIzFA0JyYbWohDXer","ffPPwH2HdILYelcG5WRtKl","ffo7/EQ4BDiKrbkctA27D+","ffsCUnSVdBIYhMJJz9puNf"],"scenes":{},"redirect":[205,0,696,0,1137,0],"deps":["internal"],"packs":{"010d3718e":[306,330,411,516,752],"017be2b58":[673,880,952],"01c705bcb":[269,385,389,395,416,481,660,763,791,802,810,141,1150,1177,1204],"01cd3ffa5":[252,281,294,353,513,531,547,94,619,818,870,899,1081,1105,1117],"01e6a6720":[431,482,665,148,152],"022e5b699":[227,436],"0231c9ed9":[206,540,588,632,652,722,778,939,998,1011,1065,1103,1129,1175,191],"027bd4b7c":[239,245,256,313,460,528,567,587,117,702,738,859,986,1086,1136],"02c72da62":[0,53,1,56,58,2,59,60,62,4,6,66,7,71,72,75,76,8,9,10,77,80,13,81,83,86,87,14,15,16,92,93,18,97,99,20,101,21,103,104,108,110,22,23,119,122,25,26,128,28,134,29,137,31,138,32,33,143,34,146,150,153,36,155,157,37,38,158,167,40,41,42,170,43,44,171,172,45,179,182,183,184,187,190,49],"02fb19be5":[204,512,538,642,657,679,731,755,765,845,873,905,145,923,1201],"030fb8617":[238,325,332,596,647,826,881,147,972,995,1060,1088,1148,1172,1180],"032017330":[216,275,299,321,396,426,455,495,956,1140],"032197cb6":[326,758],"03381479f":[278,701,789],"0389af64c":[118,144],"03b7b6efa":[199,219,230,232,237,312,328,357,377,393,400,410,414,432,439,445,450,463,464,468,490,524,542,574,583,593,607,614,616,630,638,653,109,692,706,713,735,739,806,827,836,844,857,869,877,903,912,919,920,924,966,978,989,990,1027,1035,1048,1052,1057,1071,1091,1092,1100,1102,1106,1109,1149,1157,1158,1159,1162,1197,1198],"03bef9ee9":[211,215,223,225,236,271,289,298,318,69,361,373,375,403,452,459,462,480,487,500,507,508,509,522,563,564,572,586,690,744,761,774,824,825,829,831,833,839,846,847,848,868,898,933,954,955,960,987,994,997,1000,1012,1026,1032,1034,1101,1110,1121,1127,1146,1147,1153,1211],"041456bb7":[246,268,354,363,390,440,568,577,598,106,714,721,741,777,790,841,1016,1044,1085,1113,1189,1213],"041c20d23":[196,234,263,309,530,541,562,641,677,865,872,896,921,178,1179],"0491c2e84":[54,303,637,751,834,1184],"055d39b42":[64,156],"05764770b":[82,654,667,671,680,726,808,813,822,864,943,1014,1039,1111,1165],"05a8374fd":[243,351,365,367,114,797,840,901,935,1017,1018,1067,1080,1182,1208],"060457b1e":[334,427,557,909,977],"061e0cf09":[254,258,290,338,379,558,575,906,1049,1050],"0621a8d74":[213,339,343,381,511,546,756,1077],"062481720":[197,291,391,438,466,478,621,700,125,767,854,941,1053,1099,1139],"06928a63a":[257,280,355,539,582,737,817,936,940,970,1022,1068,1076,1116,194],"06a2efcb5":[458,975,1009],"06d1da4ba":[399,479,491,496,624,634,645,717,769,151,1010,1059,1093,1174,1206],"06f16ffd2":[65,635,1087],"0734a42bd":[341,862,1168],"073ad2e90":[266,300,434,437,443,571,720,733,773,976,1028,1069,177,1128,1210],"075d4bde7":[233,242,265,345,366,532,550,753,852,861,882,1008,1038,185,1151,1183],"081c330e2":[597,622,811,918,1054,1161,1170],"081d1c457":[276,324,543,675,707,748,775,795,932,937,1025,1040,168,1155,1181],"0854dcf1a":[226,273,70,369,501,595,633,694,798,879,1090,1190],"08cfaff4a":[296,337,73,383,435,499,514,569,592,685,745,900,934,1043,1203],"08d79d52f":[198,200,202,209,217,218,229,240,250,251,255,260,262,277,287,292,295,302,307,314,319,335,340,346,358,360,364,397,398,405,408,409,430,444,449,470,475,485,489,498,504,515,517,91,520,526,529,533,553,554,556,559,565,578,601,602,604,606,617,623,629,639,646,649,651,656,681,704,715,729,740,747,750,762,764,766,784,799,807,815,832,843,855,867,876,925,926,928,930,942,946,949,950,964,971,982,988,992,993,996,1001,1007,1020,1029,1030,1036,1046,1055,1061,1073,1094,1095,1096,1112,1114,1115,1122,1123,1124,1131,1142,1143,1154,1166,1167,1171,1192,1193],"09083d2bf":[195,214,57,249,308,461,570,776,801,913,968,984,1074,1082,1187],"0916120e9":[207,220,264,301,310,454,523,627,686,689,712,719,749,772,779,132,863,911,958,974,999,1019,1120,1169],"094f8905a":[344,576],"095099781":[342,407,471,608,612,625,659,754,916,1003,1021,1056,174,1163,1209],"09bbed7b2":[210,370,394,422,465,474,476,534,666,897,967,985,173,1118,1178],"09c33ef08":[477,853,866],"0a0853f2c":[387,580,581,636,668,698,123,742,917,1015,1066,1133],"0a51fafbe":[79,664,1104],"0ac2345c1":[221,421,423,84,518,560,613,661,718,723,838,1024,1062,1185,1199],"0b967faf3":[316,425,457,483,551,663,730,129,805,809,944,947,948,1058,1126],"0bfcbddaf":[270,283,317,333,350,388,401,402,417,428,451,453,456,492,502,505,519,525,545,549,589,590,599,605,102,620,628,655,662,683,688,691,695,703,705,711,725,727,746,757,760,785,871,885,888,889,893,902,922,927,931,959,962,963,965,973,980,1004,1033,1042,1079,1084,1097,1098,1108,1138,1141,1144,1145,1176,1191,1200,1202,1212],"0c0feb52a":[378,816],"0cb922116":[297,329,359,74,386,413,420,579,591,709,788,830,1005,1051,1186],"0d5178806":[304,372,448,544,812,180],"0dcc22d50":[412,95,961,1196],"0e1a8a4ea":[441,814,1063],"0e1cc0f03":[282,362,374,488,615,650,124,768,771,787,796,890,929,1072,1194],"0e6747d84":[682,743,780],"0e915f4d0":[684,115,1188],"0eff0dadf":[261,272,286,384,392,433,484,548,640,116,732,884,979,1089,1132],"0f072b7f7":[201,203,212,231,235,247,267,284,288,311,322,331,336,348,349,352,376,406,418,424,447,472,486,493,510,521,527,535,536,552,561,600,609,610,626,631,107,658,669,670,697,699,710,724,728,759,782,783,786,792,793,803,804,819,851,858,883,887,891,894,895,907,908,914,953,969,1006,1023,1031,1037,1045,1047,1070,1078,1083,1125,1130,1164,1205,1207],"0f3089520":[222,228,305,320,323,327,347,497,98,584,828,904,1041,1064,1156],"0f34c4408":[274,371,404,419,469,88,503,585,674,849,850,875,892,957,981],"0fb62402c":[208,224,244,248,253,279,285,293,315,356,368,380,382,415,429,506,537,566,594,603,618,643,644,648,676,678,687,693,708,716,734,736,781,820,823,842,878,886,1013,1107,1119,1152,1195],"0fd3f85c4":[446,555,910,983]},"name":"resources","importBase":"import","nativeBase":"native","debug":false,"isZip":false,"encrypted":false,"versions":{"import":[50,"36daa","010d3718e","725d3","017be2b58","3cb79",51,"f4b25","01c705bcb","897cd","01cd3ffa5","8ef15","01e6a6720","4dee4","022e5b699","25afb","0231c9ed9","3e96c","027bd4b7c","13e46","02c72da62","caaf6","02fb19be5","5830c","030fb8617","cc0b5","032017330","cb853","032197cb6","c4a0e","03381479f","109c3",52,"f5e74","0389af64c","c762f","03b7b6efa","fb0ab","03bef9ee9","d79d1","041456bb7","64795","041c20d23","90446","0491c2e84","148c4","055d39b42","1030e","05764770b","8b050","05a8374fd","21653","060457b1e","12cc1","061e0cf09","3d1f2","0621a8d74","1ffe7","062481720","a686a","06928a63a","f3d05","06a2efcb5","d39db","06d1da4ba","93419","06f16ffd2","54051","0734a42bd","6a2d0","073ad2e90","33451","075d4bde7","3ac01","081c330e2","1b240","081d1c457","216c9",55,"3f6b0","0854dcf1a","b3374","08cfaff4a","52d38","08d79d52f","06908","09083d2bf","c6177","0916120e9","00313","094f8905a","e4963","095099781","d4539","09bbed7b2","50ede","09c33ef08","3b610","0a0853f2c","1a4af","0a51fafbe","d4b23","0ac2345c1","540c7",241,"cbb0e","0b967faf3","23593","0bfcbddaf","721cb","0c0feb52a","10db1","0cb922116","9a2d4","0d5178806","76326","0dcc22d50","8a7af","0e1a8a4ea","07582","0e1cc0f03","a574f","0e6747d84","c8ee3","0e915f4d0","b7d25","0eff0dadf","aa486","0f072b7f7","27a76","0f3089520","40684","0f34c4408","c3813","0fb62402c","9a444","0fd3f85c4","ca97b",259,"c0552",3,"82ba7",61,"ae2e7",63,"db448",5,"5cdc8",67,"d28f1",68,"dbd88",11,"bef6f",78,"b912a",12,"26d74",442,"35b2b",85,"adda7",467,"a39fc",473,"b9376",89,"f00f7",494,"3c80a",90,"dcea5",17,"858c4",19,"fe840",573,"56595",96,"4b17a",100,"5d52c",611,"e8903",105,"cf642",672,"6f609",111,"550ae",112,"d27a6",113,"78032",24,"a15bd",120,"98758",121,"ecab5",126,"ecf11",127,"73882",770,"68659",27,"88b58",794,"4197f",130,"93400",800,"8380a",131,"11b30",133,"ebbbf",821,"f9d90",835,"4cdef",837,"4a8ba",135,"1a3a8",136,"b3153",30,"b0df8",856,"7523e",860,"c9a79",139,"ca6f2",874,"751c3",140,"a040f",142,"0bddf",915,"70182",149,"73fc1",154,"1a7c6",938,"dc29c",35,"a15bd",945,"a0714",951,"f0e0a",159,"fa4cc",160,"9c0bf",161,"65b27",162,"677ea",163,"98006",164,"47678",991,"c0d5d",1002,"33b29",165,"3cdc6",166,"4ef7a",39,"8d0aa",169,"401a6",1075,"b9e2d",175,"3afff",176,"a7e0c",181,"16961",46,"6ebc0",47,"67ad0",1134,"0c0e0",1135,"afa32",186,"4c469",1160,"c66cd",188,"91c4f",189,"a1ead",1173,"5c9f4",48,"c7065",192,"deca3",193,"48806"],"native":[0,"901a2",53,"eeab5",1,"a006c",56,"9cc58",58,"2f002",2,"6b237",59,"4eb03",60,"bc83e",3,"8f1f9",62,"1dd71",4,"0dfa3",5,"d9950",6,"ab66e",66,"b9c20",7,"77172",71,"8d6d4",72,"bbbc3",75,"aac5a",76,"bbd5d",8,"1129a",9,"995dc",10,"c6729",77,"b5cfe",11,"0b2df",80,"0f673",12,"76ff4",13,"9d465",81,"b9e7d",83,"5ed97",86,"1327b",87,"68606",14,"32547",15,"e72e9",16,"63dc0",17,"ae51a",92,"1a584",93,"3b24c",18,"c1f0a",19,"f94c5",97,"6b5f1",99,"a3d8c",20,"90aaf",101,"c35fa",21,"1a831",103,"de9a7",104,"44405",108,"ca3cc",110,"157b5",22,"82e71",23,"34583",24,"6e491",119,"47b04",122,"78393",25,"168a6",26,"99921",27,"746e4",128,"3e05d",28,"07a1a",134,"314fd",29,"b3cd7",30,"d598d",137,"efe0d",31,"987d7",138,"34b25",32,"a006c",33,"db1f9",143,"60c94",34,"ee6ad",146,"b2a5c",148,"d2bc2",150,"927ae",153,"fb217",35,"83b53",36,"9cef7",155,"09ce6",157,"9ba88",37,"ec38c",38,"50895",158,"c7805",39,"fd4bf",167,"e9717",40,"38211",41,"5bc15",42,"94d63",170,"e5bc6",43,"94881",44,"e161d",171,"bcf75",172,"1e149",45,"a2e55",179,"dd663",46,"bd6ae",182,"b617d",47,"04331",183,"638c7",184,"bf3a9",187,"c923b",190,"4b33a",48,"482f2",49,"3287c"]}}