[1,["6fj+LIOspLTLG+qvB5kevg","46/+1Q+OlLLZ/BxRKtxkpm","6eWZxJk4lCh6WyDYtBD4l3","ecpdLyjvZBwrvm+cedCcQy","0cGDdAxHxAzqyYTJvjKSeI","28HcciqIZOT4Z3U31egSny","eftSdH0r5OgYrMkIf6fV6a","0dAyFzjo5LzrMtgDXIWJ4b","35i8iPPUBPXZybU0XT1ojT","8fBVEcL95CO4ns8dEBy1jo","abNwcK/gNKaa+isZk3BApY","6eJenglgtNxJxms88M/Urs","18lS/yN6hOR7PrSbE02fyN","4dMwqEV+1MopG3WpRcXB2/","6dywQyAXdNsYd8Xp1Y3b3m","03V+unjf9OVpcA2tyK5QhB","83jalcbVpJLrcjhMd5CI5K","e7MovnAdVDE6jncCpkBzyT","7aY2qTcixMtrGT2s29q+zo","63vR1wNspE/rwT22yISiE/","74pLANYCRCrqp/50maKVcV","7d5N/hGvdJ87de30nCR+dR","150smjuwdAGqaO/s5YQgIT","5bzkKhBC5JnpOF6lYAIRoO","62BrTUJwtERqHe7uy6gUKK","1fCRSCcJlPHJR7A8/VP1X1","2eE+Vc5DxFAZBGqJE9Q332","17RxX2+fpHFbzhl5nnJkwG","75DmM1lHZLTYNN/3TAeU2t","cevFTMBNVPM4wlscQrXCjr","e9x1JqMGFInYssrMMK4JEZ","54kuGkX9tIDLF/Z+S+DMt/","69qXtkp3tKCr9622hxIi2m","7fP/bCMcdGX6s2ZwabGOKw","fa30gkr9ZFdaXjCWQNDSIh","9eqDaY9F1FCZam5UJWeToe","2djXVD/zxL5LRRCzUPthW4","06fDmjbhVPkI9gr5tcao44","78+q6mWkZEpr+4q4tCdeed","29/W8HYvtOi6qGltfSVRdt","a80PoF28pKML9od3iiz408","6d0QoraaZFBIzEA03LW/v9","3961jylRJIR7NTVXOkpd0S","83MXqk1ldPL5buKwbq2Gpg","99R02fpbhF1Jy9kvipBjam","98S3BxlqNG5Zpix1iQkq8U"],["_textureSetter","value","node","_spriteFrame","_defaultClip","root","bgSprite","bgPulseAnim","anim","data"],["cc.SpriteFrame",["cc.AnimationClip",["_name","_duration","sample","wrapMode","events","curveData"],-2,11],["cc.Node",["_name","_components","_prefab","_children","_parent","_contentSize","_trs"],2,12,4,2,1,5,7],["cc.Node",["_name","_opacity","_parent","_components","_prefab","_contentSize","_trs"],1,1,9,4,5,7],["cc.PrefabInfo",["fileId","root","asset"],2,1,1],["cc.Sprite",["_dstBlendFactor","_sizeMode","_isTrimmedMode","node","_materials","_spriteFrame"],0,1,3,6],["cc.Prefab",["_name"],2],["cc.Node",["_name","_opacity","_parent","_components","_prefab","_contentSize","_trs"],1,1,2,4,5,7],["58ce8FzCAlBoqONl3XeLGhE",["node","anim","bgPulseAnim","bgSprite","bgGlowSFs"],3,1,1,1,1,12],["cc.Animation",["node","_clips"],3,1,3]],[[4,0,1,2,2],[5,0,1,2,3,4,5,4],[5,0,1,2,3,4,4],[3,0,2,3,4,5,6,2],[3,0,1,2,3,4,5,6,3],[9,0,1,1],[1,0,1,2,3,5,5],[1,0,1,2,3,4,5,6],[6,0,2],[2,0,3,1,2,2],[2,0,4,1,2,5,6,2],[7,0,1,2,3,4,5,6,3],[8,0,1,2,3,4,1],[4,1,2,1]],[[[{"name":"ps_vfx_a_carrot_add","rect":[1,922,350,350],"offset":[0,0],"originalSize":[350,350],"capInsets":[0,0,0,0]}],[0],0,[0],[0],[1]],[[{"name":"ps_vfx_b_add_20","rect":[1255,653,63,227],"offset":[48,-77],"originalSize":[441,431],"capInsets":[0,0,0,0]}],[0],0,[0],[0],[0]],[[[6,"ps_vfx_e_pulse",1,18,2,[{},"props",11,[{"opacity":[{"frame":0.2777777777777778,"value":255},{"frame":0.6111111111111112,"value":0}]},"scale",12,[[[{"frame":0,"curve":"circOut"},"value",8,[0,0,0]],[{"frame":0.6111111111111112},"value",8,[0,1,1]],[{"frame":1},"value",8,[0,1,1]]],11,11,11]]]]],0,0,[],[],[]],[[{"name":"ps_vfx_e_add","rect":[1,571,382,349],"offset":[0,0],"originalSize":[382,349],"capInsets":[0,0,0,0]}],[0],0,[0],[0],[1]],[[[8,"win_highlight_background_controller"],[9,"win_highlight_background_controller",[-7,-8,-9,-10,-11,-12],[[[12,-5,-4,-3,-2,[[11,null,12,13,14,15,16,17,18],6,0,6,6,6,6,6,6,6]],-6],4,1],[13,-1,0]],[10,"ps_vfx_e_add",1,[[[1,1,2,false,-13,[5],6],-14],4,1],[0,"1aHSOCNXBKjK/o99zKTubt",1,0],[5,382,349],[0,0,0,0,0,0,1,0,0,1]],[11,"ps_vfx_a_add",0,1,[-15],[0,"efse/Lf4NC1omHGJ3XMap1",1,0],[5,339,337],[0,0,0,0,0,0,1,1.43,1.43,1]],[2,1,2,false,3,[0]],[3,"ps_vfx_b_add",1,[[2,1,2,false,-16,[1]]],[0,"dbhLxkaUBNYYXVMttYZbvA",1,0],[5,441,431],[0,0,0,0,0,0,1,1.43,1.43,1]],[3,"ps_vfx_c_add",1,[[2,1,2,false,-17,[2]]],[0,"58WQGsMENAxYFbiU6vH4aW",1,0],[5,454,456],[0,0,0,0,0,0,1,1.43,1.43,1]],[4,"ps_vfx_d_add",0,1,[[1,1,2,false,-18,[3],4]],[0,"236rfoJspHJo/RX/TrW76m",1,0],[5,263,249],[0,0,0,0,0,0,1,1.43,1.43,1]],[5,2,[7]],[4,"ps_vfx_f_add",0,1,[[1,1,2,false,-19,[8],9]],[0,"53Ws6UF0VK+Jv41tY1TVIs",1,0],[5,266,254],[0,0,0,0,0,0,1,1.43,1.43,1]],[5,1,[10]]],0,[0,5,1,0,6,4,0,7,8,0,8,10,0,2,1,0,-2,10,0,-1,3,0,-2,5,0,-3,6,0,-4,7,0,-5,2,0,-6,9,0,2,2,0,-2,8,0,-1,4,0,2,5,0,2,6,0,2,7,0,2,9,0,9,1,19],[0,0,0,0,0,0,0,0,0,0,0,0,0,0,0,0,0,0,0,8,10],[-1,-1,-1,-1,3,-1,3,-1,-1,3,-1,-1,-3,-4,-5,-6,-7,-8,-9,4,4],[3,3,3,3,6,3,7,4,3,8,5,9,10,11,12,13,14,15,16,4,5]],[[{"name":"ps_vfx_b_add_05","rect":[651,968,291,279],"offset":[0,4],"originalSize":[441,431],"capInsets":[0,0,0,0]}],[0],0,[0],[0],[0]],[[{"name":"ps_vfx_b_add_10","rect":[1056,1,335,327],"offset":[-1,3],"originalSize":[441,431],"capInsets":[0,0,0,0]}],[0],0,[0],[0],[0]],[[{"name":"ps_vfx_a_angpao_add","rect":[759,1,350,350],"offset":[0,0],"originalSize":[350,350],"capInsets":[0,0,0,0]}],[0],0,[0],[0],[1]],[[{"name":"ps_vfx_b_add_08","rect":[342,607,323,315],"offset":[-1,3],"originalSize":[441,431],"capInsets":[0,0,0,0]}],[0],0,[0],[0],[0]],[[[7,"win_highlight_background",1.2222222222222223,18,0,[{"frame":0.1111111111111111,"func":"setSymHolder","params":[]}],[{},"paths",11,[{"ps_vfx_d_add":{"props":{"opacity":[{"frame":0,"value":0},{"frame":0.2222222222222222,"value":255}]}},"ps_vfx_f_add":{"props":{"opacity":[{"frame":0,"value":0},{"frame":0.2222222222222222,"value":255}]}}},"ps_vfx_b_add",11,[{},"comps",11,[{},"cc.Sprite",11,[{},"spriteFrame",12,[[[{"frame":0},"value",6,0],[{"frame":0.05555555555555555},"value",6,1],[{"frame":0.1111111111111111},"value",6,2],[{"frame":0.16666666666666666},"value",6,3],[{"frame":0.2222222222222222},"value",6,4],[{"frame":0.2777777777777778},"value",6,5],[{"frame":0.3333333333333333},"value",6,6],[{"frame":0.3888888888888889},"value",6,7],[{"frame":0.4444444444444444},"value",6,8],[{"frame":0.5},"value",6,9],[{"frame":0.5555555555555556},"value",6,10],[{"frame":0.6111111111111112},"value",6,11],[{"frame":0.6666666666666666},"value",6,12],[{"frame":0.7222222222222222},"value",6,13],[{"frame":0.7777777777777778},"value",6,14],[{"frame":0.8333333333333334},"value",6,15],[{"frame":0.8888888888888888},"value",6,16],[{"frame":0.9444444444444444},"value",6,17],[{"frame":1},"value",6,18],[{"frame":1.0555555555555556},"value",6,19],[{"frame":1.1111111111111112},"value",6,20],{"frame":1.1666666666666667,"value":null}],11,11,11,11,11,11,11,11,11,11,11,11,11,11,11,11,11,11,11,11,11,0]]]],"ps_vfx_c_add",11,[{},"comps",11,[{},"cc.Sprite",11,[{},"spriteFrame",12,[[[{"frame":0},"value",6,21],[{"frame":0.05555555555555555},"value",6,22],[{"frame":0.1111111111111111},"value",6,23],[{"frame":0.16666666666666666},"value",6,24],[{"frame":0.2222222222222222},"value",6,25],[{"frame":0.2777777777777778},"value",6,26],[{"frame":0.3333333333333333},"value",6,27],[{"frame":0.3888888888888889},"value",6,28],{"frame":0.4444444444444444,"value":null}],11,11,11,11,11,11,11,11,0]]]]]]]],0,0,[0,0,0,0,0,0,0,0,0,0,0,0,0,0,0,0,0,0,0,0,0,0,0,0,0,0,0,0,0],[1,1,1,1,1,1,1,1,1,1,1,1,1,1,1,1,1,1,1,1,1,1,1,1,1,1,1,1,1],[17,18,19,20,21,22,23,24,25,26,27,28,29,30,31,32,33,34,35,36,37,38,39,40,41,42,43,44,45]],[[{"name":"ps_vfx_c_add_01","rect":[277,521,246,246],"offset":[0,1],"originalSize":[454,456],"capInsets":[0,0,0,0]}],[0],0,[0],[0],[2]],[[{"name":"ps_vfx_b_add_19","rect":[527,1221,91,55],"offset":[-52,99],"originalSize":[441,431],"capInsets":[0,0,0,0]}],[0],0,[0],[0],[0]],[[{"name":"ps_vfx_b_add_09","rect":[1044,330,329,321],"offset":[-1,3],"originalSize":[441,431],"capInsets":[0,0,0,0]}],[0],0,[0],[0],[0]],[[{"name":"ps_vfx_f_add","rect":[1111,1,266,254],"offset":[0,0],"originalSize":[266,254],"capInsets":[0,0,0,0]}],[0],0,[0],[0],[1]],[[{"name":"ps_vfx_c_add_04","rect":[281,267,252,252],"offset":[-1,1],"originalSize":[454,456],"capInsets":[0,0,0,0]}],[0],0,[0],[0],[2]],[[{"name":"ps_vfx_a_coin_add","rect":[353,923,350,350],"offset":[0,0],"originalSize":[350,350],"capInsets":[0,0,0,0]}],[0],0,[0],[0],[1]],[[{"name":"ps_vfx_b_add_14","rect":[352,1,351,333],"offset":[-5,-8],"originalSize":[441,431],"capInsets":[0,0,0,0]}],[0],0,[0],[0],[0]],[[{"name":"ps_vfx_b_add_06","rect":[342,924,307,295],"offset":[0,3],"originalSize":[441,431],"capInsets":[0,0,0,0]}],[0],0,[0],[0],[0]],[[{"name":"ps_vfx_b_add_07","rect":[667,665,315,301],"offset":[1,3],"originalSize":[441,431],"capInsets":[0,0,0,0]}],[0],0,[0],[0],[0]],[[{"name":"ps_vfx_b_add_02","rect":[1205,948,249,235],"offset":[-2,4],"originalSize":[441,431],"rotated":1,"capInsets":[0,0,0,0]}],[0],0,[0],[0],[0]],[[{"name":"ps_vfx_b_add_15","rect":[1,352,357,337],"offset":[-6,-7],"originalSize":[441,431],"rotated":1,"capInsets":[0,0,0,0]}],[0],0,[0],[0],[0]],[[{"name":"ps_vfx_a_firecracker_add","rect":[705,923,350,350],"offset":[0,0],"originalSize":[350,350],"capInsets":[0,0,0,0]}],[0],0,[0],[0],[1]],[[{"name":"ps_vfx_c_add_03","rect":[525,521,242,242],"offset":[0,1],"originalSize":[454,456],"capInsets":[0,0,0,0]}],[0],0,[0],[0],[2]],[[{"name":"ps_vfx_a_pouch_add","rect":[1057,923,350,350],"offset":[0,0],"originalSize":[350,350],"capInsets":[0,0,0,0]}],[0],0,[0],[0],[1]],[[{"name":"ps_vfx_b_add_03","rect":[944,968,273,259],"offset":[-1,4],"originalSize":[441,431],"rotated":1,"capInsets":[0,0,0,0]}],[0],0,[0],[0],[0]],[[{"name":"ps_vfx_b_add_11","rect":[707,328,335,335],"offset":[-5,2],"originalSize":[441,431],"capInsets":[0,0,0,0]}],[0],0,[0],[0],[0]],[[{"name":"ps_vfx_c_add_00","rect":[535,267,226,228],"offset":[0,1],"originalSize":[454,456],"capInsets":[0,0,0,0]}],[0],0,[0],[0],[2]],[[{"name":"ps_vfx_b_add_01","rect":[1205,1199,237,221],"offset":[-3,4],"originalSize":[441,431],"rotated":1,"capInsets":[0,0,0,0]}],[0],0,[0],[0],[0]],[[{"name":"ps_vfx_b_add_04","rect":[984,665,281,269],"offset":[0,3],"originalSize":[441,431],"rotated":1,"capInsets":[0,0,0,0]}],[0],0,[0],[0],[0]],[[{"name":"ps_vfx_b_add_16","rect":[705,1,325,349],"offset":[-25,-7],"originalSize":[441,431],"rotated":1,"capInsets":[0,0,0,0]}],[0],0,[0],[0],[0]],[[{"name":"ps_vfx_c_add_05","rect":[281,1,264,264],"offset":[-1,0],"originalSize":[454,456],"capInsets":[0,0,0,0]}],[0],0,[0],[0],[2]],[[{"name":"ps_vfx_a_cash_add","rect":[385,571,350,350],"offset":[0,0],"originalSize":[350,350],"capInsets":[0,0,0,0]}],[0],0,[0],[0],[1]],[[{"name":"ps_vfx_a_wild_add","rect":[1089,508,350,350],"offset":[0,0],"originalSize":[350,350],"capInsets":[0,0,0,0]}],[0],0,[0],[0],[1]],[[{"name":"ps_vfx_c_add_07","rect":[1,1,278,278],"offset":[-1,1],"originalSize":[454,456],"capInsets":[0,0,0,0]}],[0],0,[0],[0],[2]],[[{"name":"ps_vfx_c_add_06","rect":[1,281,274,274],"offset":[-1,1],"originalSize":[454,456],"capInsets":[0,0,0,0]}],[0],0,[0],[0],[2]],[[{"name":"ps_vfx_b_add_18","rect":[352,336,269,353],"offset":[-57,-8],"originalSize":[441,431],"rotated":1,"capInsets":[0,0,0,0]}],[0],0,[0],[0],[0]],[[{"name":"ps_vfx_c_add_02","rect":[547,1,222,222],"offset":[-1,1],"originalSize":[454,456],"capInsets":[0,0,0,0]}],[0],0,[0],[0],[2]],[[{"name":"ps_vfx_a_ingot_add","rect":[737,571,350,350],"offset":[0,0],"originalSize":[350,350],"capInsets":[0,0,0,0]}],[0],0,[0],[0],[1]],[[{"name":"ps_vfx_b_add_12","rect":[1,711,339,341],"offset":[-5,3],"originalSize":[441,431],"capInsets":[0,0,0,0]}],[0],0,[0],[0],[0]],[[{"name":"ps_vfx_b_add_00","rect":[326,1221,199,179],"offset":[-3,3],"originalSize":[441,431],"capInsets":[0,0,0,0]}],[0],0,[0],[0],[0]],[[{"name":"ps_vfx_b_add_13","rect":[1,1,349,349],"offset":[-5,2],"originalSize":[441,431],"capInsets":[0,0,0,0]}],[0],0,[0],[0],[0]],[[{"name":"ps_vfx_d_add","rect":[1111,257,263,249],"offset":[0,0],"originalSize":[263,249],"capInsets":[0,0,0,0]}],[0],0,[0],[0],[1]],[[{"name":"ps_vfx_b_add_17","rect":[1,1054,323,351],"offset":[-23,-8],"originalSize":[441,431],"capInsets":[0,0,0,0]}],[0],0,[0],[0],[0]]]]